﻿<?xml version='1.0' encoding='UTF-8'?>
<!-- Generated by LavishSettings v2 -->
<InnerSpaceSettings>
	<Set Name="Profiles">
		<Set Name="BoZ_Berzerker">
			<Set Name="CastStack">
				<Set Name="1">
					<Setting Name="__IsItem">TRUE</Setting>
					<Setting Name="__ItemName">Plateaus Energy Inverter</Setting>
					<Setting Name="__SourceName">Item:Plateaus Energy Inverter</Setting>
					<Setting Name="ATag">Invert</Setting>
					<Setting Name="AType">Listen Only</Setting>
					<Setting Name="Type">CA</Setting>
				</Set>
				<Set Name="2">
					<Setting Name="__IsItem">TRUE</Setting>
					<Setting Name="__ItemName">_EQUIPPED_Neck_14</Setting>
					<Setting Name="__SourceName">Item:_EQUIPPED_Neck_14</Setting>
					<Setting Name="ATag">ColKnow</Setting>
					<Setting Name="AType">Listen Only</Setting>
					<Setting Name="RIE">TRUE</Setting>
					<Setting Name="Type">CA</Setting>
				</Set>
				<Set Name="3">
					<Setting Name="__Disabled">TRUE</Setting>
					<Setting Name="__IsItem">TRUE</Setting>
					<Setting Name="__ItemName">_EQUIPPED_Head_03</Setting>
					<Setting Name="__SourceName">Item:_EQUIPPED_Head_03</Setting>
					<Setting Name="ETag">SlowTorment</Setting>
					<Setting Name="HP&gt;">90</Setting>
					<Setting Name="RIE">TRUE</Setting>
					<Setting Name="Type">NamedCA</Setting>
				</Set>
				<Set Name="4">
					<Setting Name="%">100</Setting>
					<Setting Name="__SourceName">Rampage</Setting>
					<Setting Name="ATag">PreCastTag</Setting>
					<Setting Name="AType">Listen Only</Setting>
					<Setting Name="Type">Heal</Setting>
				</Set>
				<Set Name="5">
					<Setting Name="%">100</Setting>
					<Setting Name="__SourceName">Controlled Rage</Setting>
					<Setting Name="ATag">PreCastTag</Setting>
					<Setting Name="AType">Listen Only</Setting>
					<Setting Name="Type">Heal</Setting>
				</Set>
				<Set Name="6">
					<Setting Name="#">1</Setting>
					<Setting Name="%">100</Setting>
					<Setting Name="__SourceName">Chaos</Setting>
					<Setting Name="ATag">PreCastTag</Setting>
					<Setting Name="AType">Listen Only</Setting>
					<Setting Name="Target">@Me</Setting>
					<Setting Name="Type">Heal</Setting>
				</Set>
				<Set Name="7">
					<Setting Name="%">100</Setting>
					<Setting Name="__SourceName">Battle Frenzy</Setting>
					<Setting Name="ATag">PreCastTag</Setting>
					<Setting Name="AType">Listen Only</Setting>
					<Setting Name="Type">Heal</Setting>
				</Set>
				<Set Name="8">
					<Setting Name="%">100</Setting>
					<Setting Name="__SourceName">Battlemaster</Setting>
					<Setting Name="ATag">PreCastTag</Setting>
					<Setting Name="AType">Listen Only</Setting>
					<Setting Name="Type">Heal</Setting>
				</Set>
				<Set Name="9">
					<Setting Name="__SourceName">------------------------------------------------------------------------------</Setting>
					<Setting Name="Type">Buff</Setting>
				</Set>
				<Set Name="10">
					<Setting Name="__SourceName">Overwhelming Force</Setting>
					<Setting Name="Type">NamedCA</Setting>
				</Set>
				<Set Name="11">
					<Setting Name="__SourceName">Cry of the Warrior</Setting>
					<Setting Name="ATag">PrimalTemps</Setting>
					<Setting Name="AType">Listen Only</Setting>
					<Setting Name="Named">TRUE</Setting>
					<Setting Name="Tag">Snap</Setting>
					<Setting Name="Type">CA</Setting>
				</Set>
				<Set Name="12">
					<Setting Name="__Disabled">TRUE</Setting>
					<Setting Name="__SourceName">Mock</Setting>
					<Setting Name="Tag">InterruptMode</Setting>
					<Setting Name="Type">CA</Setting>
				</Set>
				<Set Name="13">
					<Setting Name="__Disabled">TRUE</Setting>
					<Setting Name="__IsItem">TRUE</Setting>
					<Setting Name="__ItemName">Forlorn Cure Arcane</Setting>
					<Setting Name="__SourceName">Item:Forlorn Cure Arcane</Setting>
					<Setting Name="Tag">CurePot</Setting>
					<Setting Name="Type">Cure</Setting>
				</Set>
				<Set Name="14">
					<Setting Name="__Disabled">TRUE</Setting>
					<Setting Name="__IsItem">TRUE</Setting>
					<Setting Name="__ItemName">Forlorn Cure Elemental</Setting>
					<Setting Name="__SourceName">Item:Forlorn Cure Elemental</Setting>
					<Setting Name="Tag">CurePot</Setting>
					<Setting Name="Type">Cure</Setting>
				</Set>
				<Set Name="15">
					<Setting Name="__Disabled">TRUE</Setting>
					<Setting Name="__IsItem">TRUE</Setting>
					<Setting Name="__ItemName">Forlorn Cure Noxious</Setting>
					<Setting Name="__SourceName">Item:Forlorn Cure Noxious</Setting>
					<Setting Name="Tag">CurePot</Setting>
					<Setting Name="Type">Cure</Setting>
				</Set>
				<Set Name="16">
					<Setting Name="__Disabled">TRUE</Setting>
					<Setting Name="__IsItem">TRUE</Setting>
					<Setting Name="__ItemName">Forlorn Cure Trauma</Setting>
					<Setting Name="__SourceName">Item:Forlorn Cure Trauma</Setting>
					<Setting Name="Tag">CurePot</Setting>
					<Setting Name="Type">Cure</Setting>
				</Set>
				<Set Name="17">
					<Setting Name="__SourceName">Rescue</Setting>
					<Setting Name="Aggro&lt;">99</Setting>
					<Setting Name="ETag">SlowSnap</Setting>
					<Setting Name="Tag">Snap</Setting>
					<Setting Name="Type">CA</Setting>
				</Set>
				<Set Name="18">
					<Setting Name="__SourceName">Provocation</Setting>
					<Setting Name="Aggro&lt;">99</Setting>
					<Setting Name="ETag">SlowSnap</Setting>
					<Setting Name="Tag">Snap</Setting>
					<Setting Name="Type">CA</Setting>
				</Set>
				<Set Name="19">
					<Setting Name="__SourceName">Sneering Assault</Setting>
					<Setting Name="Aggro&lt;">99</Setting>
					<Setting Name="ETag">SlowSnap</Setting>
					<Setting Name="Tag">Snap</Setting>
					<Setting Name="Type">CA</Setting>
				</Set>
				<Set Name="20">
					<Setting Name="#">1</Setting>
					<Setting Name="__SourceName">Jeering Onslaught</Setting>
					<Setting Name="Aggro&lt;">99</Setting>
					<Setting Name="ETag">SlowSnap</Setting>
					<Setting Name="Tag">Snap</Setting>
					<Setting Name="Type">CA</Setting>
				</Set>
				<Set Name="21">
					<Setting Name="__Disabled">TRUE</Setting>
					<Setting Name="__IsItem">TRUE</Setting>
					<Setting Name="__ItemName">Wyrm Cursed Star Darkened Amulet</Setting>
					<Setting Name="__SourceName">Item:Wyrm Cursed Star Darkened Amulet</Setting>
					<Setting Name="N_HP&lt;">100</Setting>
					<Setting Name="RIE">TRUE</Setting>
					<Setting Name="Type">CA</Setting>
				</Set>
				<Set Name="22">
					<Setting Name="__SourceName">Balanced Synergy</Setting>
					<Setting Name="Type">Custom</Setting>
				</Set>
				<Set Name="23">
					<Setting Name="%">60</Setting>
					<Setting Name="__SourceName">Intercept</Setting>
					<Setting Name="Target">@NotSelfGroup</Setting>
					<Setting Name="Type">Heal</Setting>
				</Set>
				<Set Name="24">
					<Setting Name="%">70</Setting>
					<Setting Name="__SourceName">Wall of Force</Setting>
					<Setting Name="ETag">OhShit</Setting>
					<Setting Name="Type">Heal</Setting>
				</Set>
				<Set Name="25">
					<Setting Name="%">80</Setting>
					<Setting Name="__SourceName">Gut Roar</Setting>
					<Setting Name="ETag">OhShit</Setting>
					<Setting Name="EType">Listen Only</Setting>
					<Setting Name="Type">Heal</Setting>
				</Set>
				<Set Name="26">
					<Setting Name="%">60</Setting>
					<Setting Name="__SourceName">Stand Firm</Setting>
					<Setting Name="ETag">OhShit</Setting>
					<Setting Name="EType">Listen Only</Setting>
					<Setting Name="Type">Heal</Setting>
				</Set>
				<Set Name="27">
					<Setting Name="%">60</Setting>
					<Setting Name="__SourceName">Draconic Shout</Setting>
					<Setting Name="Type">Heal</Setting>
				</Set>
				<Set Name="28">
					<Setting Name="%">70</Setting>
					<Setting Name="__SourceName">Perfect Counter</Setting>
					<Setting Name="Type">Heal</Setting>
				</Set>
				<Set Name="29">
					<Setting Name="%">75</Setting>
					<Setting Name="__Disabled">TRUE</Setting>
					<Setting Name="__SourceName">Diamond Flesh</Setting>
					<Setting Name="Type">Heal</Setting>
				</Set>
				<Set Name="30">
					<Setting Name="__SourceName">Vision of Madness</Setting>
					<Setting Name="Type">Buff</Setting>
				</Set>
				<Set Name="31">
					<Setting Name="__SourceName">------------------------------------------------------------------------------</Setting>
					<Setting Name="Type">Buff</Setting>
				</Set>
				<Set Name="32">
					<Setting Name="__Disabled">TRUE</Setting>
					<Setting Name="__IsItem">TRUE</Setting>
					<Setting Name="__ItemName">_EQUIPPED_Left Charm_21</Setting>
					<Setting Name="__SourceName">Item:_EQUIPPED_Left Charm_21</Setting>
					<Setting Name="Type">Buff</Setting>
				</Set>
				<Set Name="33">
					<Setting Name="__IsItem">TRUE</Setting>
					<Setting Name="__ItemName">_EQUIPPED_Right Charm_22</Setting>
					<Setting Name="__SourceName">Item:_EQUIPPED_Right Charm_22</Setting>
					<Setting Name="Type">Buff</Setting>
				</Set>
				<Set Name="34">
					<Setting Name="__Disabled">TRUE</Setting>
					<Setting Name="__IsItem">TRUE</Setting>
					<Setting Name="__ItemName">Fabled Stormbringer Bulwark of the Unstoppable</Setting>
					<Setting Name="__SourceName">Item:Fabled Stormbringer Bulwark of the Unstoppable</Setting>
					<Setting Name="RIE">TRUE</Setting>
					<Setting Name="Type">Buff</Setting>
				</Set>
				<Set Name="35">
					<Setting Name="__Disabled">TRUE</Setting>
					<Setting Name="__SourceName">Mock</Setting>
					<Setting Name="N_HP&gt;">99</Setting>
					<Setting Name="Type">NamedCA</Setting>
				</Set>
				<Set Name="36">
					<Setting Name="__SourceName">Open Wounds</Setting>
					<Setting Name="ATag">OpenWounds</Setting>
					<Setting Name="AType">Trigger Only</Setting>
					<Setting Name="ETag">OpenWounds</Setting>
					<Setting Name="ID">TRUE</Setting>
					<Setting Name="Target">@Me</Setting>
					<Setting Name="Type">Combat</Setting>
				</Set>
				<Set Name="37">
					<Setting Name="__SourceName">Chaos</Setting>
					<Setting Name="Target">@Me</Setting>
					<Setting Name="Type">Combat</Setting>
				</Set>
				<Set Name="38">
					<Setting Name="__SourceName">Battle Frenzy</Setting>
					<Setting Name="ETag">DefensiveRotatiion</Setting>
					<Setting Name="Target">@Me</Setting>
					<Setting Name="Type">Combat</Setting>
				</Set>
				<Set Name="39">
					<Setting Name="__SourceName">Adrenaline</Setting>
					<Setting Name="ETag">DefensiveRotatiion</Setting>
					<Setting Name="Target">@Me</Setting>
					<Setting Name="Type">Combat</Setting>
				</Set>
				<Set Name="40">
					<Setting Name="__SourceName">Rampage</Setting>
					<Setting Name="Target">@Me</Setting>
					<Setting Name="Type">Combat</Setting>
				</Set>
				<Set Name="41">
					<Setting Name="__SourceName">Accretion</Setting>
					<Setting Name="ETag">SlowAsc</Setting>
					<Setting Name="Named">TRUE</Setting>
					<Setting Name="Target">@Me</Setting>
					<Setting Name="Type">Combat</Setting>
				</Set>
				<Set Name="42">
					<Setting Name="__SourceName">Obsidian Mind</Setting>
					<Setting Name="ETag">SlowAsc</Setting>
					<Setting Name="Named">TRUE</Setting>
					<Setting Name="Target">@Me</Setting>
					<Setting Name="Type">Combat</Setting>
				</Set>
				<Set Name="43">
					<Setting Name="#">5</Setting>
					<Setting Name="__SourceName">Partisan Cleave</Setting>
					<Setting Name="ATag">OpenWounds</Setting>
					<Setting Name="AType">Listen Only</Setting>
					<Setting Name="Type">CA</Setting>
				</Set>
				<Set Name="44">
					<Setting Name="#">5</Setting>
					<Setting Name="__SourceName">Berserker Onslaught</Setting>
					<Setting Name="ATag">OpenWounds</Setting>
					<Setting Name="AType">Listen Only</Setting>
					<Setting Name="Type">CA</Setting>
				</Set>
				<Set Name="45">
					<Setting Name="#">3</Setting>
					<Setting Name="__SourceName">Partisan Cleave</Setting>
					<Setting Name="ATag">OpenWounds</Setting>
					<Setting Name="AType">Listen Only</Setting>
					<Setting Name="Type">CA</Setting>
				</Set>
				<Set Name="46">
					<Setting Name="__SourceName">Menace</Setting>
					<Setting Name="N_HP&lt;">99</Setting>
					<Setting Name="Tag">Snap</Setting>
					<Setting Name="Type">NamedCA</Setting>
				</Set>
				<Set Name="47">
					<Setting Name="__SourceName">Experienced Insight</Setting>
					<Setting Name="Target">@Me</Setting>
					<Setting Name="Type">Combat</Setting>
				</Set>
				<Set Name="48">
					<Setting Name="__SourceName">Acceleration Strike</Setting>
					<Setting Name="ID">TRUE</Setting>
					<Setting Name="Type">CA</Setting>
				</Set>
				<Set Name="49">
					<Setting Name="__SourceName">Juggernaut</Setting>
					<Setting Name="Target">@Me</Setting>
					<Setting Name="Type">Combat</Setting>
				</Set>
				<Set Name="50">
					<Setting Name="__SourceName">Wall of Rage</Setting>
					<Setting Name="IAE">TRUE</Setting>
					<Setting Name="Type">Debuff</Setting>
				</Set>
				<Set Name="51">
					<Setting Name="__SourceName">Controlled Rage</Setting>
					<Setting Name="Type">Debuff</Setting>
				</Set>
				<Set Name="52">
					<Setting Name="#">5</Setting>
					<Setting Name="__SourceName">Bloodbath</Setting>
					<Setting Name="ATag">OpenWounds</Setting>
					<Setting Name="AType">Listen Only</Setting>
					<Setting Name="Type">CA</Setting>
				</Set>
				<Set Name="53">
					<Setting Name="#">5</Setting>
					<Setting Name="__SourceName">Utter Destruction</Setting>
					<Setting Name="ATag">OpenWounds</Setting>
					<Setting Name="AType">Listen Only</Setting>
					<Setting Name="Type">CA</Setting>
				</Set>
				<Set Name="54">
					<Setting Name="#">3</Setting>
					<Setting Name="__SourceName">Berserker Onslaught</Setting>
					<Setting Name="ATag">OpenWounds</Setting>
					<Setting Name="AType">Listen Only</Setting>
					<Setting Name="Type">CA</Setting>
				</Set>
				<Set Name="55">
					<Setting Name="#">5</Setting>
					<Setting Name="__SourceName">Insolence</Setting>
					<Setting Name="Tag">Snap</Setting>
					<Setting Name="Type">CA</Setting>
				</Set>
				<Set Name="56">
					<Setting Name="#">4</Setting>
					<Setting Name="__SourceName">Utter Destruction</Setting>
					<Setting Name="ATag">OpenWounds</Setting>
					<Setting Name="AType">Listen Only</Setting>
					<Setting Name="Type">CA</Setting>
				</Set>
				<Set Name="57">
					<Setting Name="#">3</Setting>
					<Setting Name="__SourceName">Bloodbath</Setting>
					<Setting Name="ATag">OpenWounds</Setting>
					<Setting Name="AType">Listen Only</Setting>
					<Setting Name="Type">CA</Setting>
				</Set>
				<Set Name="58">
					<Setting Name="__SourceName">Weapon Counter</Setting>
					<Setting Name="Target">@Me</Setting>
					<Setting Name="Type">Combat</Setting>
				</Set>
				<Set Name="59">
					<Setting Name="__SourceName">Annihilate</Setting>
					<Setting Name="N_HP&lt;">98</Setting>
					<Setting Name="Type">NamedCA</Setting>
				</Set>
				<Set Name="60">
					<Setting Name="#">5</Setting>
					<Setting Name="__SourceName">Saga of Bloodshed</Setting>
					<Setting Name="ATag">OpenWounds</Setting>
					<Setting Name="AType">Listen Only</Setting>
					<Setting Name="Type">CA</Setting>
				</Set>
				<Set Name="61">
					<Setting Name="#">3</Setting>
					<Setting Name="__SourceName">Utter Destruction</Setting>
					<Setting Name="ATag">OpenWounds</Setting>
					<Setting Name="AType">Listen Only</Setting>
					<Setting Name="Type">CA</Setting>
				</Set>
				<Set Name="62">
					<Setting Name="__SourceName">Dismember</Setting>
					<Setting Name="N_HP&lt;">98</Setting>
					<Setting Name="Type">NamedCA</Setting>
				</Set>
				<Set Name="63">
					<Setting Name="#">5</Setting>
					<Setting Name="__SourceName">Dragoon Spin</Setting>
					<Setting Name="Type">CA</Setting>
				</Set>
				<Set Name="64">
					<Setting Name="#">1</Setting>
					<Setting Name="__SourceName">Partisan Cleave</Setting>
					<Setting Name="ATag">OpenWounds</Setting>
					<Setting Name="AType">Listen Only</Setting>
					<Setting Name="Type">CA</Setting>
				</Set>
				<Set Name="65">
					<Setting Name="#">3</Setting>
					<Setting Name="__SourceName">Insolence</Setting>
					<Setting Name="Tag">Snap</Setting>
					<Setting Name="Type">CA</Setting>
				</Set>
				<Set Name="66">
					<Setting Name="#">3</Setting>
					<Setting Name="__SourceName">Saga of Bloodshed</Setting>
					<Setting Name="ATag">OpenWounds</Setting>
					<Setting Name="AType">Listen Only</Setting>
					<Setting Name="Type">CA</Setting>
				</Set>
				<Set Name="67">
					<Setting Name="#">1</Setting>
					<Setting Name="__SourceName">Berserker Onslaught</Setting>
					<Setting Name="ATag">OpenWounds</Setting>
					<Setting Name="AType">Listen Only</Setting>
					<Setting Name="Type">CA</Setting>
				</Set>
				<Set Name="68">
					<Setting Name="#">3</Setting>
					<Setting Name="__SourceName">Dragoon Spin</Setting>
					<Setting Name="Type">CA</Setting>
				</Set>
				<Set Name="69">
					<Setting Name="#">5</Setting>
					<Setting Name="__SourceName">Earthshock</Setting>
					<Setting Name="ATag">OpenWounds</Setting>
					<Setting Name="AType">Listen Only</Setting>
					<Setting Name="ETag">Earthshock</Setting>
					<Setting Name="ID">TRUE</Setting>
					<Setting Name="Type">CA</Setting>
				</Set>
				<Set Name="70">
					<Setting Name="#">1</Setting>
					<Setting Name="__SourceName">Bloodbath</Setting>
					<Setting Name="ATag">OpenWounds</Setting>
					<Setting Name="AType">Listen Only</Setting>
					<Setting Name="Type">CA</Setting>
				</Set>
				<Set Name="71">
					<Setting Name="__SourceName">Battlemaster</Setting>
					<Setting Name="Named">TRUE</Setting>
					<Setting Name="Target">@Me</Setting>
					<Setting Name="Type">Combat</Setting>
				</Set>
				<Set Name="72">
					<Setting Name="__SourceName">Executioner's Wrath</Setting>
					<Setting Name="Type">CA</Setting>
				</Set>
				<Set Name="73">
					<Setting Name="#">3</Setting>
					<Setting Name="__SourceName">Earthshock</Setting>
					<Setting Name="ATag">OpenWounds</Setting>
					<Setting Name="AType">Listen Only</Setting>
					<Setting Name="ETag">Earthshock</Setting>
					<Setting Name="ID">TRUE</Setting>
					<Setting Name="Type">CA</Setting>
				</Set>
				<Set Name="74">
					<Setting Name="#">1</Setting>
					<Setting Name="__SourceName">Insolence</Setting>
					<Setting Name="Tag">Snap</Setting>
					<Setting Name="Type">CA</Setting>
				</Set>
				<Set Name="75">
					<Setting Name="__Disabled">TRUE</Setting>
					<Setting Name="__SourceName">Erosion</Setting>
					<Setting Name="Tag">Ascension</Setting>
					<Setting Name="Type">NamedCA</Setting>
				</Set>
				<Set Name="76">
					<Setting Name="__Disabled">TRUE</Setting>
					<Setting Name="__SourceName">Stone Hammer</Setting>
					<Setting Name="Tag">Ascension</Setting>
					<Setting Name="Type">NamedCA</Setting>
				</Set>
				<Set Name="77">
					<Setting Name="#">1</Setting>
					<Setting Name="__SourceName">Saga of Bloodshed</Setting>
					<Setting Name="ATag">OpenWounds</Setting>
					<Setting Name="AType">Listen Only</Setting>
					<Setting Name="Type">CA</Setting>
				</Set>
				<Set Name="78">
					<Setting Name="__SourceName">Frenzy</Setting>
					<Setting Name="Type">CA</Setting>
				</Set>
				<Set Name="79">
					<Setting Name="#">1</Setting>
					<Setting Name="__SourceName">Dragoon Spin</Setting>
					<Setting Name="Type">CA</Setting>
				</Set>
				<Set Name="80">
					<Setting Name="__SourceName">Body Check</Setting>
					<Setting Name="ID">TRUE</Setting>
					<Setting Name="Type">CA</Setting>
				</Set>
				<Set Name="81">
					<Setting Name="#">1</Setting>
					<Setting Name="__SourceName">Enrage</Setting>
					<Setting Name="Type">CA</Setting>
				</Set>
				<Set Name="82">
					<Setting Name="__SourceName">Demolish</Setting>
					<Setting Name="ID">TRUE</Setting>
					<Setting Name="Type">CA</Setting>
				</Set>
				<Set Name="83">
					<Setting Name="__SourceName">Master's Rage</Setting>
					<Setting Name="ID">TRUE</Setting>
					<Setting Name="Type">CA</Setting>
				</Set>
				<Set Name="84">
					<Setting Name="#">1</Setting>
					<Setting Name="__SourceName">Earthshock</Setting>
					<Setting Name="ATag">OpenWounds</Setting>
					<Setting Name="AType">Listen Only</Setting>
					<Setting Name="ETag">Earthshock</Setting>
					<Setting Name="ID">TRUE</Setting>
					<Setting Name="Type">CA</Setting>
				</Set>
				<Set Name="85">
					<Setting Name="#">1</Setting>
					<Setting Name="__SourceName">Stunning Roar</Setting>
					<Setting Name="Type">CA</Setting>
				</Set>
				<Set Name="86">
					<Setting Name="__SourceName">Mock</Setting>
					<Setting Name="Type">CA</Setting>
				</Set>
				<Set Name="87">
					<Setting Name="__SourceName">Head Crush</Setting>
					<Setting Name="ID">TRUE</Setting>
					<Setting Name="Type">CA</Setting>
				</Set>
				<Set Name="88">
					<Setting Name="__SourceName">Maul</Setting>
					<Setting Name="ID">TRUE</Setting>
					<Setting Name="Type">CA</Setting>
				</Set>
				<Set Name="89">
					<Setting Name="__SourceName">Rupture</Setting>
					<Setting Name="Type">CA</Setting>
				</Set>
				<Set Name="90">
					<Setting Name="__SourceName">Knee Break</Setting>
					<Setting Name="Type">CA</Setting>
				</Set>
				<Set Name="91">
					<Setting Name="__SourceName">Raging Blow</Setting>
					<Setting Name="Type">CA</Setting>
				</Set>
				<Set Name="92">
					<Setting Name="__SourceName">------------------------------------------------------------------------------</Setting>
					<Setting Name="Type">Buff</Setting>
				</Set>
				<Set Name="93">
					<Setting Name="__Disabled">TRUE</Setting>
					<Setting Name="__SourceName">Geotic Rampage</Setting>
					<Setting Name="Named">TRUE</Setting>
					<Setting Name="Target">@Me</Setting>
					<Setting Name="Type">Combat</Setting>
				</Set>
				<Set Name="94">
					<Setting Name="#">1</Setting>
					<Setting Name="__Disabled">TRUE</Setting>
					<Setting Name="__SourceName">Domain of Earth</Setting>
					<Setting Name="Tag">Ascension</Setting>
					<Setting Name="Type">NamedCA</Setting>
				</Set>
				<Set Name="95">
					<Setting Name="__Disabled">TRUE</Setting>
					<Setting Name="__SourceName">Mudslide</Setting>
					<Setting Name="Tag">Ascension</Setting>
					<Setting Name="Type">NamedCA</Setting>
				</Set>
				<Set Name="96">
					<Setting Name="__Disabled">TRUE</Setting>
					<Setting Name="__SourceName">Telluric Rending</Setting>
					<Setting Name="Tag">Ascension</Setting>
					<Setting Name="Type">NamedCA</Setting>
				</Set>
				<Set Name="97">
					<Setting Name="#">1</Setting>
					<Setting Name="__Disabled">TRUE</Setting>
					<Setting Name="__SourceName">Terrestrial Coffin</Setting>
					<Setting Name="Tag">Ascension</Setting>
					<Setting Name="Type">NamedCA</Setting>
				</Set>
				<Set Name="98">
					<Setting Name="__Disabled">TRUE</Setting>
					<Setting Name="__SourceName">Reckless Aide</Setting>
					<Setting Name="Target">@DPS1</Setting>
					<Setting Name="Type">Buff</Setting>
				</Set>
				<Set Name="99">
					<Setting Name="__SourceName">------------------------------------------------------------------------------</Setting>
					<Setting Name="Type">Buff</Setting>
				</Set>
				<Set Name="100">
					<Setting Name="__SourceName">Renewal of Ro: Domination</Setting>
					<Setting Name="Type">Buff</Setting>
				</Set>
				<Set Name="101">
					<Setting Name="__SourceName">New Combine Mercenary Infusion</Setting>
					<Setting Name="Type">Buff</Setting>
				</Set>
				<Set Name="102">
					<Setting Name="__Disabled">TRUE</Setting>
					<Setting Name="__SourceName">Monolithic Mercenary Infusion</Setting>
					<Setting Name="Type">Buff</Setting>
				</Set>
				<Set Name="103">
					<Setting Name="__SourceName">Jubilant Familiar Infusion</Setting>
					<Setting Name="Type">Buff</Setting>
				</Set>
				<Set Name="104">
					<Setting Name="__SourceName">Vah Shir Mount Infusion</Setting>
					<Setting Name="Type">Buff</Setting>
				</Set>
				<Set Name="105">
					<Setting Name="__SourceName">French Slobberer</Setting>
					<Setting Name="Type">Buff</Setting>
				</Set>
				<Set Name="106">
					<Setting Name="__SourceName">Unflinching Will</Setting>
					<Setting Name="Type">Buff</Setting>
				</Set>
				<Set Name="107">
					<Setting Name="__SourceName">Berserk Rage</Setting>
					<Setting Name="Type">Buff</Setting>
				</Set>
				<Set Name="108">
					<Setting Name="__SourceName">War Cry</Setting>
					<Setting Name="Type">Buff</Setting>
				</Set>
				<Set Name="109">
					<Setting Name="__SourceName">Aggressive Defense</Setting>
					<Setting Name="Type">Buff</Setting>
				</Set>
				<Set Name="110">
					<Setting Name="__SourceName">Bloodlust</Setting>
					<Setting Name="Type">Buff</Setting>
				</Set>
				<Set Name="111">
					<Setting Name="__SourceName">Perseverance</Setting>
					<Setting Name="Type">Buff</Setting>
				</Set>
				<Set Name="112">
					<Setting Name="__SourceName">Blood Rage</Setting>
					<Setting Name="Type">Buff</Setting>
				</Set>
				<Set Name="113">
					<Setting Name="__SourceName">Destructive Rage</Setting>
					<Setting Name="Type">Buff</Setting>
				</Set>
				<Set Name="114">
					<Setting Name="__SourceName">Whirlwind</Setting>
					<Setting Name="Type">Buff</Setting>
				</Set>
				<Set Name="115">
					<Setting Name="__SourceName">Battle Coordination</Setting>
					<Setting Name="Type">Buff</Setting>
				</Set>
				<Set Name="116">
					<Setting Name="__SourceName">Wall of Hatred</Setting>
					<Setting Name="Type">Buff</Setting>
				</Set>
				<Set Name="117">
					<Setting Name="__SourceName">Union of Stone</Setting>
					<Setting Name="Type">Buff</Setting>
				</Set>
				<Set Name="118">
					<Setting Name="__SourceName">Guild Buff</Setting>
					<Setting Name="Type">Buff</Setting>
				</Set>
				<Set Name="119">
					<Setting Name="__SourceName">Reversal</Setting>
					<Setting Name="Type">Buff</Setting>
				</Set>
				<Set Name="120">
					<Setting Name="__SourceName">Summon: Beloved of Bristlebane</Setting>
					<Setting Name="Type">Buff</Setting>
				</Set>
				<Set Name="121">
					<Setting Name="__SourceName">Summon Artisan's Gathering Goblin</Setting>
					<Setting Name="Type">Buff</Setting>
				</Set>
				<Set Name="122">
					<Setting Name="__SourceName">Wroughtlands Smasher</Setting>
					<Setting Name="Type">Buff</Setting>
				</Set>
				<Set Name="123">
					<Setting Name="__SourceName">Takish'Hiz Peafowl</Setting>
					<Setting Name="Type">Buff</Setting>
				</Set>
				<Set Name="124">
					<Setting Name="__ENDOFCASTSTACK">TRUE</Setting>
					<Setting Name="__SourceName">============= END OF CAST STACK =============</Setting>
					<Setting Name="Type">Buff</Setting>
				</Set>
			</Set>
			<Set Name="Precast">
				<Set Name="1">
					<Setting Name="__SourceName">Body Check</Setting>
					<Setting Name="On">Belly Smash</Setting>
				</Set>
			</Set>
			<Set Name="Announce">
				<Set Name="1">
					<Setting Name="__SourceName">Balanced Synergy</Setting>
					<Setting Name="Target">Group</Setting>
					<Setting Name="Txt">Balanced Synergy - Fighter</Setting>
				</Set>
			</Set>
			<Set Name="AutoHunt">
				<Setting Name="checkbox_autohunt_checkaggro">FALSE</Setting>
				<Setting Name="textentry_autohunt_scanradius">50</Setting>
				<Setting Name="checkbox_autohunt_ignoregreen">FALSE</Setting>
				<Setting Name="checkbox_autohunt_ignoregray">FALSE</Setting>
				<Setting Name="checkbox_autohunt_ignorered">FALSE</Setting>
				<Setting Name="checkbox_autohunt_autohunt">FALSE</Setting>
				<Setting Name="checkbox_autohunt_movementonly">FALSE</Setting>
				<Setting Name="checkbox_autohunt_looppath">FALSE</Setting>
				<Setting Name="checkbox_autohunt_checkmana">FALSE</Setting>
				<Setting Name="checkbox_autohunt_checkhp">FALSE</Setting>
				<Setting Name="textentry_autohunt_checkhp">50</Setting>
			</Set>
			<Set Name="Other">
				<Setting Name="combobox_other_curabledisable">NULL</Setting>
				<Setting Name="checkbox_other_curabledisable">FALSE</Setting>
				<Setting Name="checkbox_other_requestconfrontfearviauplink">TRUE</Setting>
				<Setting Name="checkbox_other_handlefieldmedic">TRUE</Setting>
			</Set>
			<Set Name="Debug">
				<Setting Name="checkbox_debug_casting">FALSE</Setting>
				<Setting Name="checkbox_debug_castingdetails">FALSE</Setting>
				<Setting Name="checkbox_debug_whatisthebotdoing">FALSE</Setting>
				<Setting Name="checkbox_debug_castingcompleted">FALSE</Setting>
			</Set>
			<Set Name="AutoTarget">
				<Setting Name="checkbox_autotarget_enabled">TRUE</Setting>
				<Setting Name="slider_autotarget_scanradius">20</Setting>
				<Setting Name="slider_autotarget_rescantime">1000</Setting>
				<Setting Name="slider_autotarget_scanheight">15</Setting>
				<Setting Name="checkbox_autotarget_outofcombatscanning">FALSE</Setting>
			</Set>
			<Set Name="Load">
				<Setting Name="checkbox_load_radaron">FALSE</Setting>
				<Setting Name="checkbox_load_radaroff">TRUE</Setting>
			</Set>
			<Set Name="LoadExecute">
				<Set Name="1">
					<Setting Name="__SourceName">eq2execute ics_playercombatautoface 1</Setting>
				</Set>
				<Set Name="2">
					<Setting Name="__SourceName">Run Bulwark</Setting>
				</Set>
				<Set Name="3">
					<Setting Name="__SourceName">ogre irc</Setting>
				</Set>
				<Set Name="4">
					<Setting Name="__Disabled">TRUE</Setting>
					<Setting Name="__SourceName">run Charm</Setting>
				</Set>
			</Set>
			<Set Name="OnZoneExecute">
				<Set Name="1">
					<Setting Name="__Disabled">TRUE</Setting>
					<Setting Name="__SourceName">run FieldMedic</Setting>
				</Set>
				<Set Name="2">
					<Setting Name="__SourceName">oc !c -CancelMaintainedForWho all Open Wounds</Setting>
				</Set>
			</Set>
			<Set Name="EquipmentInfo">
				<Setting Name="combobox_equipmentinfo_charmoption1">Item:Shard of the Mountain</Setting>
				<Setting Name="combobox_equipmentinfo_charmoption2">Item:Cerebral Incubator</Setting>
			</Set>
			<Set Name="OgreConsole">
				<Setting Name="textentry_ogreconsole_x">7</Setting>
				<Setting Name="textentry_ogreconsole_y">7</Setting>
				<Setting Name="textentry_ogreconsole_width">631</Setting>
				<Setting Name="textentry_ogreconsole_height">171</Setting>
				<Setting Name="checkbox_ogreconsole_connecttoirc">TRUE</Setting>
			</Set>
			<Set Name="ChatEvents">
				<Set Name="1">
					<Setting Name="__SourceName">YOUR Madness heals YOU for</Setting>
					<Setting Name="Code">OgreBotAPI:CastAbility[Uwopo,Unyielding Will]</Setting>
					<Setting Name="Ding">TRUE</Setting>
				</Set>
			</Set>
			<Set Name="AscensionEmbargoList">
				<Set Name="1">
					<Setting Name="__SourceName">Ethershadow Assassin</Setting>
				</Set>
			</Set>
			<Set Name="Items">
				<Set Name="1">
					<Setting Name="__SourceName">Behind the Schemes</Setting>
				</Set>
				<Set Name="2">
					<Setting Name="__SourceName">Cerebral Incubator</Setting>
				</Set>
				<Set Name="3">
					<Setting Name="__SourceName">Fabled Stormbringer Bulwark of the Unstoppable</Setting>
				</Set>
				<Set Name="4">
					<Setting Name="__SourceName">Forlorn Cure Arcane</Setting>
				</Set>
				<Set Name="5">
					<Setting Name="__SourceName">Forlorn Cure Elemental</Setting>
				</Set>
				<Set Name="6">
					<Setting Name="__SourceName">Forlorn Cure Noxious</Setting>
				</Set>
				<Set Name="7">
					<Setting Name="__SourceName">Forlorn Cure Trauma</Setting>
				</Set>
				<Set Name="8">
					<Setting Name="__SourceName">Handcrafted Zimaran Elixir of Tactics</Setting>
				</Set>
				<Set Name="9">
					<Setting Name="__SourceName">Handcrafted Zimaran Scroll of Contempt</Setting>
				</Set>
				<Set Name="10">
					<Setting Name="__SourceName">Handcrafted Zimaran Scroll of Pugilism</Setting>
				</Set>
				<Set Name="11">
					<Setting Name="__SourceName">Handcrafted Zimaran Scroll of Skirmishing</Setting>
				</Set>
				<Set Name="12">
					<Setting Name="__SourceName">Plateaus Elixir of Tactics</Setting>
				</Set>
				<Set Name="13">
					<Setting Name="__SourceName">Plateaus Energy Inverter</Setting>
				</Set>
				<Set Name="14">
					<Setting Name="__SourceName">Plateaus Scroll of Contempt</Setting>
				</Set>
				<Set Name="15">
					<Setting Name="__SourceName">Plateaus Scroll of Pugilism</Setting>
				</Set>
				<Set Name="16">
					<Setting Name="__SourceName">Plateaus Scroll of Skirmishing</Setting>
				</Set>
				<Set Name="17">
					<Setting Name="__SourceName">Scepter of Illumination</Setting>
				</Set>
				<Set Name="18">
					<Setting Name="__SourceName">Scepter of Shadows</Setting>
				</Set>
				<Set Name="19">
					<Setting Name="__SourceName">Shadowscream Essence of Clarity</Setting>
				</Set>
				<Set Name="20">
					<Setting Name="__SourceName">Shadowscream Scroll of Animosity</Setting>
				</Set>
				<Set Name="21">
					<Setting Name="__SourceName">Shadowscream Scroll of Brawn</Setting>
				</Set>
				<Set Name="22">
					<Setting Name="__SourceName">Shadowscream Scroll of Contempt</Setting>
				</Set>
				<Set Name="23">
					<Setting Name="__SourceName">Shadowscream Scroll of Grappling</Setting>
				</Set>
				<Set Name="24">
					<Setting Name="__SourceName">Shadowscream Scroll of Pugilism</Setting>
				</Set>
				<Set Name="25">
					<Setting Name="__SourceName">Shadowscream Scroll of Skirmishing</Setting>
				</Set>
				<Set Name="26">
					<Setting Name="__SourceName">Shard of the Mountain</Setting>
				</Set>
				<Set Name="27">
					<Setting Name="__SourceName">Unstable Void Crystal</Setting>
				</Set>
				<Set Name="28">
					<Setting Name="__SourceName">Wyrm Cursed Star Darkened Amulet</Setting>
				</Set>
				<Set Name="29">
					<Setting Name="__SourceName">_ADORN_Heart of Luclin</Setting>
				</Set>
				<Set Name="30">
					<Setting Name="__SourceName">_ADORN_Renewal Rune: Vampiric Requiem</Setting>
				</Set>
				<Set Name="31">
					<Setting Name="__SourceName">_EQUIPPED_Head_03</Setting>
				</Set>
				<Set Name="32">
					<Setting Name="__SourceName">_EQUIPPED_Left Charm_21</Setting>
				</Set>
				<Set Name="33">
					<Setting Name="__SourceName">_EQUIPPED_Neck_14</Setting>
				</Set>
				<Set Name="34">
					<Setting Name="__SourceName">_EQUIPPED_Right Charm_22</Setting>
				</Set>
			</Set>
			<Set Name="ConsumeItems">
				<Set Name="1">
					<Setting Name="__IsItem">TRUE</Setting>
					<Setting Name="__ItemName">Handcrafted Zimaran Scroll of Contempt</Setting>
					<Setting Name="__SourceName">Item:Handcrafted Zimaran Scroll of Contempt</Setting>
					<Setting Name="IC">TRUE</Setting>
				</Set>
				<Set Name="2">
					<Setting Name="__IsItem">TRUE</Setting>
					<Setting Name="__ItemName">Handcrafted Zimaran Scroll of Pugilism</Setting>
					<Setting Name="__SourceName">Item:Handcrafted Zimaran Scroll of Pugilism</Setting>
					<Setting Name="IC">TRUE</Setting>
				</Set>
				<Set Name="3">
					<Setting Name="__IsItem">TRUE</Setting>
					<Setting Name="__ItemName">Handcrafted Zimaran Scroll of Skirmishing</Setting>
					<Setting Name="__SourceName">Item:Handcrafted Zimaran Scroll of Skirmishing</Setting>
					<Setting Name="IC">TRUE</Setting>
				</Set>
				<Set Name="4">
					<Setting Name="__IsItem">TRUE</Setting>
					<Setting Name="__ItemName">Handcrafted Zimaran Elixir of Tactics</Setting>
					<Setting Name="__SourceName">Item:Handcrafted Zimaran Elixir of Tactics</Setting>
					<Setting Name="IC">TRUE</Setting>
				</Set>
			</Set>
			<Set Name="Tags_AddNew">
				<Set Name="1">
					<Setting Name="__SourceName">DefensiveRotatiion</Setting>
				</Set>
				<Set Name="2">
					<Setting Name="__SourceName">FastCast</Setting>
				</Set>
				<Set Name="3">
					<Setting Name="__SourceName">OpenWounds</Setting>
				</Set>
				<Set Name="4">
					<Setting Name="__SourceName">OhShit</Setting>
				</Set>
				<Set Name="5">
					<Setting Name="__SourceName">SlowCast</Setting>
				</Set>
				<Set Name="6">
					<Setting Name="__SourceName">Earthshock</Setting>
				</Set>
				<Set Name="7">
					<Setting Name="__SourceName">PreCastTag</Setting>
				</Set>
				<Set Name="8">
					<Setting Name="__SourceName">TempItem</Setting>
				</Set>
				<Set Name="9">
					<Setting Name="__SourceName">SlowSnap</Setting>
				</Set>
				<Set Name="10">
					<Setting Name="__SourceName">ColKnow</Setting>
				</Set>
				<Set Name="11">
					<Setting Name="__SourceName">EpicSpell</Setting>
				</Set>
				<Set Name="12">
					<Setting Name="__SourceName">PrimalTemps</Setting>
				</Set>
				<Set Name="13">
					<Setting Name="__SourceName">SlowTorment</Setting>
				</Set>
				<Set Name="14">
					<Setting Name="__SourceName">Invert</Setting>
				</Set>
				<Set Name="15">
					<Setting Name="__SourceName">SlowAsc</Setting>
				</Set>
			</Set>
			<Set Name="Tags">
				<Set Name="1">
					<Setting Name="__SourceName">DefensiveRotatiion</Setting>
					<Setting Name="I">TRUE</Setting>
					<Setting Name="Me">TRUE</Setting>
				</Set>
				<Set Name="2">
					<Setting Name="+">1</Setting>
					<Setting Name="__SourceName">FastCast</Setting>
					<Setting Name="I">TRUE</Setting>
					<Setting Name="Me">TRUE</Setting>
				</Set>
				<Set Name="3">
					<Setting Name="__SourceName">OpenWounds</Setting>
					<Setting Name="I">TRUE</Setting>
					<Setting Name="Me">TRUE</Setting>
				</Set>
				<Set Name="4">
					<Setting Name="__SourceName">OhShit</Setting>
					<Setting Name="H">TRUE</Setting>
					<Setting Name="M">TRUE</Setting>
					<Setting Name="Me">TRUE</Setting>
				</Set>
				<Set Name="5">
					<Setting Name="__SourceName">SlowCast</Setting>
					<Setting Name="H">TRUE</Setting>
					<Setting Name="M">TRUE</Setting>
					<Setting Name="Me">TRUE</Setting>
				</Set>
				<Set Name="6">
					<Setting Name="__SourceName">Earthshock</Setting>
					<Setting Name="Dur">10</Setting>
					<Setting Name="I">TRUE</Setting>
					<Setting Name="Me">TRUE</Setting>
				</Set>
				<Set Name="7">
					<Setting Name="__SourceName">PreCastTag</Setting>
					<Setting Name="I">TRUE</Setting>
					<Setting Name="Me">TRUE</Setting>
				</Set>
				<Set Name="8">
					<Setting Name="__SourceName">TempItem</Setting>
					<Setting Name="I">TRUE</Setting>
					<Setting Name="Me">TRUE</Setting>
				</Set>
				<Set Name="9">
					<Setting Name="__SourceName">SlowSnap</Setting>
					<Setting Name="Dur">1</Setting>
					<Setting Name="I">TRUE</Setting>
					<Setting Name="Me">TRUE</Setting>
				</Set>
				<Set Name="10">
					<Setting Name="__SourceName">ColKnow</Setting>
					<Setting Name="H">TRUE</Setting>
					<Setting Name="I">TRUE</Setting>
					<Setting Name="Me">TRUE</Setting>
				</Set>
				<Set Name="11">
					<Setting Name="__SourceName">EpicSpell</Setting>
					<Setting Name="I">TRUE</Setting>
					<Setting Name="Me">TRUE</Setting>
				</Set>
				<Set Name="12">
					<Setting Name="__SourceName">PrimalTemps</Setting>
					<Setting Name="I">TRUE</Setting>
					<Setting Name="Me">TRUE</Setting>
				</Set>
				<Set Name="13">
					<Setting Name="__SourceName">SlowTorment</Setting>
					<Setting Name="Dur">10</Setting>
					<Setting Name="H">TRUE</Setting>
					<Setting Name="I">TRUE</Setting>
					<Setting Name="Me">TRUE</Setting>
				</Set>
				<Set Name="14">
					<Setting Name="__SourceName">Invert</Setting>
					<Setting Name="I">TRUE</Setting>
					<Setting Name="Me">TRUE</Setting>
				</Set>
				<Set Name="15">
					<Setting Name="__SourceName">SlowAsc</Setting>
					<Setting Name="Dur">20</Setting>
					<Setting Name="Me">TRUE</Setting>
				</Set>
			</Set>
			<Set Name="AbilityTracker">
				<Set Name="1">
					<Setting Name="__SourceName">Granite Protector</Setting>
				</Set>
				<Set Name="2">
					<Setting Name="__SourceName">Xenolith</Setting>
				</Set>
			</Set>
			<Set Name="ProfileParts">
				<Set Name="1">
					<Setting Name="__SourceName">Ascension</Setting>
					<Setting Name="File">All_Profile.xml</Setting>
				</Set>
				<Set Name="2">
					<Setting Name="__SourceName">ItemRotation</Setting>
					<Setting Name="File">All_Profile.xml</Setting>
				</Set>
				<Set Name="3">
					<Setting Name="__SourceName">Overseer</Setting>
					<Setting Name="File">All_Profile.xml</Setting>
				</Set>
				<Set Name="4">
					<Setting Name="__SourceName">OverseerBuyMissions</Setting>
					<Setting Name="File">All_Profile.xml</Setting>
				</Set>
				<Set Name="5">
					<Setting Name="__SourceName">PackPony</Setting>
					<Setting Name="File">All_Profile.xml</Setting>
				</Set>
				<Set Name="6">
					<Setting Name="__SourceName">Setup</Setting>
					<Setting Name="File">Tank_Profile.xml</Setting>
				</Set>
				<Set Name="7">
					<Setting Name="__SourceName">Settings</Setting>
					<Setting Name="File">Tank_Profile.xml</Setting>
				</Set>
				<Set Name="8">
					<Setting Name="__SourceName">Loot</Setting>
					<Setting Name="File">Tank_Profile.xml</Setting>
				</Set>
				<Set Name="9">
					<Setting Name="__SourceName">OSA</Setting>
					<Setting Name="File">Tank_Profile.xml</Setting>
				</Set>
				<Set Name="10">
					<Setting Name="__SourceName">HUDs</Setting>
					<Setting Name="File">Tank_Profile.xml</Setting>
				</Set>
				<Set Name="11">
					<Setting Name="__SourceName">Aliases</Setting>
					<Setting Name="File">All_Profile.xml</Setting>
				</Set>
			</Set>
			<Set Name="ProfilePartsSettings">
				<Setting Name="checkbox_profileparts_settings_enable">TRUE</Setting>
			</Set>
			<Set Name="HOExcludes">
				<Set Name="1">
					<Setting Name="__SourceName">Reckless Aide</Setting>
				</Set>
				<Set Name="2">
					<Setting Name="__SourceName">Rescue</Setting>
				</Set>
				<Set Name="3">
					<Setting Name="__SourceName">Intercept</Setting>
				</Set>
				<Set Name="4">
					<Setting Name="__SourceName">Weapon Counter</Setting>
				</Set>
				<Set Name="5">
					<Setting Name="__SourceName">Controlled Rage</Setting>
				</Set>
				<Set Name="6">
					<Setting Name="__SourceName">Rampage</Setting>
				</Set>
			</Set>
			<Set Name="VampiricRequiem">
				<Set Name="1">
					<Setting Name="__SourceName">Unflinching Will</Setting>
				</Set>
				<Set Name="2">
					<Setting Name="__SourceName">Aggressive Defense</Setting>
				</Set>
				<Set Name="3">
					<Setting Name="__SourceName">Berserk Rage</Setting>
				</Set>
				<Set Name="4">
					<Setting Name="__SourceName">War Cry</Setting>
				</Set>
				<Set Name="5">
					<Setting Name="__SourceName">Blood Rage</Setting>
				</Set>
				<Set Name="6">
					<Setting Name="__SourceName">Bloodlust</Setting>
				</Set>
				<Set Name="7">
					<Setting Name="__SourceName">Destructive Rage</Setting>
				</Set>
			</Set>
			<Set Name="VampiricRequiemOptions">
				<Setting Name="checkbox_vampiricrequiem_enable">TRUE</Setting>
			</Set>
		</Set>
		<Setting Name="DefaultProfiles">BoZ_Berzerker</Setting>
	</Set>
</InnerSpaceSettings>
