﻿<?xml version='1.0' encoding='UTF-8'?>
<!-- Generated by LavishSettings v2 -->
<InnerSpaceSettings>
	<Set Name="Profiles">
		<Set Name="BoZ_Beastlord">
			<Set Name="SetupInvis">
				<Set Name="1">
					<Setting Name="__SourceName">Blindside</Setting>
				</Set>
			</Set>
			<Set Name="CastStack">
				<Set Name="1">
					<Setting Name="__IsItem">TRUE</Setting>
					<Setting Name="__ItemName">Plateaus Energy Inverter</Setting>
					<Setting Name="__SourceName">Item:Plateaus Energy Inverter</Setting>
					<Setting Name="ATag">Invert</Setting>
					<Setting Name="AType">Listen Only</Setting>
					<Setting Name="Type">CA</Setting>
				</Set>
				<Set Name="2">
					<Setting Name="__IsItem">TRUE</Setting>
					<Setting Name="__ItemName">_EQUIPPED_Neck_14</Setting>
					<Setting Name="__SourceName">Item:_EQUIPPED_Neck_14</Setting>
					<Setting Name="ATag">ColKnow</Setting>
					<Setting Name="AType">Listen Only</Setting>
					<Setting Name="RIE">TRUE</Setting>
					<Setting Name="Type">CA</Setting>
				</Set>
				<Set Name="3">
					<Setting Name="__Disabled">TRUE</Setting>
					<Setting Name="__IsItem">TRUE</Setting>
					<Setting Name="__ItemName">_EQUIPPED_Head_03</Setting>
					<Setting Name="__SourceName">Item:_EQUIPPED_Head_03</Setting>
					<Setting Name="ETag">SlowTorment</Setting>
					<Setting Name="HP&gt;">90</Setting>
					<Setting Name="RIE">TRUE</Setting>
					<Setting Name="Type">NamedCA</Setting>
				</Set>
				<Set Name="4">
					<Setting Name="%">100</Setting>
					<Setting Name="__SourceName">Ralissk's Insight</Setting>
					<Setting Name="ATag">PreCastTag</Setting>
					<Setting Name="AType">Listen Only</Setting>
					<Setting Name="Type">Heal</Setting>
				</Set>
				<Set Name="5">
					<Setting Name="%">100</Setting>
					<Setting Name="__SourceName">Savage Blaze</Setting>
					<Setting Name="ATag">PreCastTag</Setting>
					<Setting Name="AType">Listen Only</Setting>
					<Setting Name="Type">Heal</Setting>
				</Set>
				<Set Name="6">
					<Setting Name="__SourceName">------------------------------------------------------------------------------</Setting>
					<Setting Name="Type">Buff</Setting>
				</Set>
				<Set Name="7">
					<Setting Name="#">1</Setting>
					<Setting Name="__SourceName">Feral Destruction</Setting>
					<Setting Name="ATag">ReadyUpInc</Setting>
					<Setting Name="AType">Listen Only</Setting>
					<Setting Name="Type">CA</Setting>
				</Set>
				<Set Name="8">
					<Setting Name="#">1</Setting>
					<Setting Name="__SourceName">Draconic Breath</Setting>
					<Setting Name="ATag">ReadyUpInc</Setting>
					<Setting Name="AType">Listen Only</Setting>
					<Setting Name="Tag">Feral-S5</Setting>
					<Setting Name="Type">CA</Setting>
				</Set>
				<Set Name="9">
					<Setting Name="__SourceName">Luclin's Pain</Setting>
					<Setting Name="ATag">ReadyUpInc</Setting>
					<Setting Name="AType">Listen Only</Setting>
					<Setting Name="Tag">Feral-S4</Setting>
					<Setting Name="Type">CA</Setting>
				</Set>
				<Set Name="10">
					<Setting Name="__SourceName">Savage Ravaging</Setting>
					<Setting Name="ATag">ReadyUpInc</Setting>
					<Setting Name="AType">Listen Only</Setting>
					<Setting Name="Tag">Feral-S4</Setting>
					<Setting Name="Type">CA</Setting>
				</Set>
				<Set Name="11">
					<Setting Name="__SourceName">Truespirit Venom</Setting>
					<Setting Name="ATag">ReadyUpInc</Setting>
					<Setting Name="AType">Listen Only</Setting>
					<Setting Name="ID">TRUE</Setting>
					<Setting Name="Tag">Feral-S3</Setting>
					<Setting Name="Type">CA</Setting>
				</Set>
				<Set Name="12">
					<Setting Name="__SourceName">Claw of Khati Sha</Setting>
					<Setting Name="ATag">ReadyUpInc</Setting>
					<Setting Name="AType">Listen Only</Setting>
					<Setting Name="Tag">Feral-S1</Setting>
					<Setting Name="Type">CA</Setting>
				</Set>
				<Set Name="13">
					<Setting Name="__SourceName">Noxious Grasp</Setting>
					<Setting Name="ATag">ReadyUpInc</Setting>
					<Setting Name="AType">Listen Only</Setting>
					<Setting Name="Tag">Feral-S2</Setting>
					<Setting Name="Type">CA</Setting>
				</Set>
				<Set Name="14">
					<Setting Name="__SourceName">Brutal Beatdown</Setting>
					<Setting Name="ATag">ReadyUpInc</Setting>
					<Setting Name="AType">Listen Only</Setting>
					<Setting Name="Tag">Feral-S6</Setting>
					<Setting Name="Type">CA</Setting>
				</Set>
				<Set Name="15">
					<Setting Name="__Disabled">TRUE</Setting>
					<Setting Name="__SourceName">-------------------------------------------------------------------------------</Setting>
					<Setting Name="Type">Buff</Setting>
				</Set>
				<Set Name="16">
					<Setting Name="__SourceName">Flurry of Claws</Setting>
					<Setting Name="ATag">Barrage</Setting>
					<Setting Name="AType">Listen Only</Setting>
					<Setting Name="Type">CA</Setting>
				</Set>
				<Set Name="17">
					<Setting Name="__SourceName">Feral Rending</Setting>
					<Setting Name="ATag">Barrage</Setting>
					<Setting Name="AType">Listen Only</Setting>
					<Setting Name="Type">CA</Setting>
				</Set>
				<Set Name="18">
					<Setting Name="__SourceName">Hawk Eyes</Setting>
					<Setting Name="ATag">Barrage</Setting>
					<Setting Name="AType">Listen Only</Setting>
					<Setting Name="ID">TRUE</Setting>
					<Setting Name="Type">CA</Setting>
				</Set>
				<Set Name="19">
					<Setting Name="__SourceName">Callous Ferocity</Setting>
					<Setting Name="ATag">Barrage</Setting>
					<Setting Name="AType">Listen Only</Setting>
					<Setting Name="ID">TRUE</Setting>
					<Setting Name="Type">CA</Setting>
				</Set>
				<Set Name="20">
					<Setting Name="__SourceName">Obsidian Mind</Setting>
					<Setting Name="ATag">Barrage</Setting>
					<Setting Name="AType">Listen Only</Setting>
					<Setting Name="ETag">SlowAsc</Setting>
					<Setting Name="Target">@Me</Setting>
					<Setting Name="Type">Combat</Setting>
				</Set>
				<Set Name="21">
					<Setting Name="__SourceName">Earthen Phalanx</Setting>
					<Setting Name="ATag">Barrage</Setting>
					<Setting Name="AType">Listen Only</Setting>
					<Setting Name="ETag">SlowAsc</Setting>
					<Setting Name="Target">@Me</Setting>
					<Setting Name="Type">Combat</Setting>
				</Set>
				<Set Name="22">
					<Setting Name="__SourceName">Bastion of Iron</Setting>
					<Setting Name="ATag">Barrage</Setting>
					<Setting Name="AType">Listen Only</Setting>
					<Setting Name="ETag">SlowAsc</Setting>
					<Setting Name="Target">@Me</Setting>
					<Setting Name="Type">Combat</Setting>
				</Set>
				<Set Name="23">
					<Setting Name="__SourceName">Geotic Rampage</Setting>
					<Setting Name="ATag">Barrage</Setting>
					<Setting Name="AType">Listen Only</Setting>
					<Setting Name="ETag">SlowAsc</Setting>
					<Setting Name="Target">@Me</Setting>
					<Setting Name="Type">Combat</Setting>
				</Set>
				<Set Name="24">
					<Setting Name="__Disabled">TRUE</Setting>
					<Setting Name="__SourceName">-------------------------------------------------------------------------------</Setting>
					<Setting Name="Type">Buff</Setting>
				</Set>
				<Set Name="25">
					<Setting Name="__Disabled">TRUE</Setting>
					<Setting Name="__IsItem">TRUE</Setting>
					<Setting Name="__ItemName">_EQUIPPED_Left Charm_21</Setting>
					<Setting Name="__SourceName">Item:_EQUIPPED_Left Charm_21</Setting>
					<Setting Name="RIE">TRUE</Setting>
					<Setting Name="Type">Buff</Setting>
				</Set>
				<Set Name="26">
					<Setting Name="__IsItem">TRUE</Setting>
					<Setting Name="__ItemName">_EQUIPPED_Right Charm_22</Setting>
					<Setting Name="__SourceName">Item:_EQUIPPED_Right Charm_22</Setting>
					<Setting Name="RIE">TRUE</Setting>
					<Setting Name="Type">Buff</Setting>
				</Set>
				<Set Name="27">
					<Setting Name="__Disabled">TRUE</Setting>
					<Setting Name="__SourceName">Sharpened Claws</Setting>
					<Setting Name="Tag">InterruptMode</Setting>
					<Setting Name="Type">NamedCA</Setting>
				</Set>
				<Set Name="28">
					<Setting Name="__SourceName">Feral Stance</Setting>
					<Setting Name="Type">Buff</Setting>
				</Set>
				<Set Name="29">
					<Setting Name="__Disabled">TRUE</Setting>
					<Setting Name="__SourceName">Spiritual Stance</Setting>
					<Setting Name="Type">Buff</Setting>
				</Set>
				<Set Name="30">
					<Setting Name="__SourceName">Dozekar's Resilience</Setting>
					<Setting Name="Type">Buff</Setting>
				</Set>
				<Set Name="31">
					<Setting Name="__SourceName">Summon Warder: Dire</Setting>
					<Setting Name="Type">Buff</Setting>
				</Set>
				<Set Name="32">
					<Setting Name="__SourceName">------------------------------------------------------------------------------</Setting>
					<Setting Name="Type">Buff</Setting>
				</Set>
				<Set Name="33">
					<Setting Name="__SourceName">Evasive Maneuvers</Setting>
					<Setting Name="ATag">Primal</Setting>
					<Setting Name="ETag">PrimalWindow</Setting>
					<Setting Name="EType">Trigger Only</Setting>
					<Setting Name="Tag">Opener</Setting>
					<Setting Name="Type">CA</Setting>
				</Set>
				<Set Name="34">
					<Setting Name="__SourceName">Warder's Ferocity</Setting>
					<Setting Name="ATag">PrimalTemps</Setting>
					<Setting Name="AType">Listen Only</Setting>
					<Setting Name="Tag">StowWarder</Setting>
					<Setting Name="Type">Buff</Setting>
				</Set>
				<Set Name="35">
					<Setting Name="__SourceName">Savagery Freeze</Setting>
					<Setting Name="ATag">PrimalTemps</Setting>
					<Setting Name="AType">Listen Only</Setting>
					<Setting Name="Sav">6</Setting>
					<Setting Name="Type">NamedCA</Setting>
				</Set>
				<Set Name="36">
					<Setting Name="__SourceName">Primal Assault</Setting>
					<Setting Name="ATag">PrimalTemps</Setting>
					<Setting Name="AType">Listen Only</Setting>
					<Setting Name="Type">NamedCA</Setting>
				</Set>
				<Set Name="37">
					<Setting Name="#">1</Setting>
					<Setting Name="__SourceName">Feral Destruction</Setting>
					<Setting Name="ATag">Primal</Setting>
					<Setting Name="AType">Listen Only</Setting>
					<Setting Name="Type">CA</Setting>
				</Set>
				<Set Name="38">
					<Setting Name="#">1</Setting>
					<Setting Name="__SourceName">Draconic Breath</Setting>
					<Setting Name="ATag">Primal</Setting>
					<Setting Name="AType">Listen Only</Setting>
					<Setting Name="Tag">Feral-S5</Setting>
					<Setting Name="Type">CA</Setting>
				</Set>
				<Set Name="39">
					<Setting Name="__SourceName">Savage Ravaging</Setting>
					<Setting Name="ATag">Primal</Setting>
					<Setting Name="AType">Listen Only</Setting>
					<Setting Name="Tag">Feral-S4</Setting>
					<Setting Name="Type">CA</Setting>
				</Set>
				<Set Name="40">
					<Setting Name="#">1</Setting>
					<Setting Name="__SourceName">Luclin's Pain</Setting>
					<Setting Name="ATag">Primal</Setting>
					<Setting Name="AType">Listen Only</Setting>
					<Setting Name="Tag">Feral-S4</Setting>
					<Setting Name="Type">CA</Setting>
				</Set>
				<Set Name="41">
					<Setting Name="__SourceName">Truespirit Venom</Setting>
					<Setting Name="ATag">Primal</Setting>
					<Setting Name="AType">Listen Only</Setting>
					<Setting Name="ID">TRUE</Setting>
					<Setting Name="Tag">Feral-S3</Setting>
					<Setting Name="Type">CA</Setting>
				</Set>
				<Set Name="42">
					<Setting Name="__Disabled">TRUE</Setting>
					<Setting Name="__SourceName">Silent Talon</Setting>
					<Setting Name="ATag">Primal</Setting>
					<Setting Name="AType">Listen Only</Setting>
					<Setting Name="ID">TRUE</Setting>
					<Setting Name="Tag">Feral-S3</Setting>
					<Setting Name="Type">CA</Setting>
				</Set>
				<Set Name="43">
					<Setting Name="__SourceName">Claw of Khati Sha</Setting>
					<Setting Name="ATag">Primal</Setting>
					<Setting Name="AType">Listen Only</Setting>
					<Setting Name="Tag">Feral-S1</Setting>
					<Setting Name="Type">CA</Setting>
				</Set>
				<Set Name="44">
					<Setting Name="__SourceName">Noxious Grasp</Setting>
					<Setting Name="ATag">Primal</Setting>
					<Setting Name="AType">Listen Only</Setting>
					<Setting Name="Tag">Feral-S2</Setting>
					<Setting Name="Type">CA</Setting>
				</Set>
				<Set Name="45">
					<Setting Name="__SourceName">Shalih Mar's Mandate</Setting>
					<Setting Name="ATag">Primal</Setting>
					<Setting Name="AType">Listen Only</Setting>
					<Setting Name="ID">TRUE</Setting>
					<Setting Name="Tag">Feral-S2</Setting>
					<Setting Name="Type">CA</Setting>
				</Set>
				<Set Name="46">
					<Setting Name="__SourceName">Brutal Beatdown</Setting>
					<Setting Name="ATag">Primal</Setting>
					<Setting Name="AType">Listen Only</Setting>
					<Setting Name="Tag">Feral-S6</Setting>
					<Setting Name="Type">CA</Setting>
				</Set>
				<Set Name="47">
					<Setting Name="__SourceName">Feral Rending</Setting>
					<Setting Name="ATag">Primal</Setting>
					<Setting Name="AType">Listen Only</Setting>
					<Setting Name="Tag">Feral-A1</Setting>
					<Setting Name="Type">CA</Setting>
				</Set>
				<Set Name="48">
					<Setting Name="__SourceName">Flurry of Claws</Setting>
					<Setting Name="ATag">Primal</Setting>
					<Setting Name="AType">Listen Only</Setting>
					<Setting Name="Tag">Feral-A1</Setting>
					<Setting Name="Type">CA</Setting>
				</Set>
				<Set Name="49">
					<Setting Name="__SourceName">Shiverback Endemic</Setting>
					<Setting Name="ATag">Primal</Setting>
					<Setting Name="AType">Listen Only</Setting>
					<Setting Name="Tag">Feral-A1</Setting>
					<Setting Name="Type">CA</Setting>
				</Set>
				<Set Name="50">
					<Setting Name="#">1</Setting>
					<Setting Name="__SourceName">Glacial Roar</Setting>
					<Setting Name="ATag">Primal</Setting>
					<Setting Name="AType">Listen Only</Setting>
					<Setting Name="Tag">Feral-A1</Setting>
					<Setting Name="Type">CA</Setting>
				</Set>
				<Set Name="51">
					<Setting Name="__SourceName">------------------------------------------------------------------------------</Setting>
					<Setting Name="Type">Buff</Setting>
				</Set>
				<Set Name="52">
					<Setting Name="__SourceName">Evade</Setting>
					<Setting Name="ATag">Primal</Setting>
					<Setting Name="AType">Listen Only</Setting>
					<Setting Name="ETag">PrimalWindow</Setting>
					<Setting Name="EType">Listen Only</Setting>
					<Setting Name="Tag">Closer</Setting>
					<Setting Name="Type">CA</Setting>
				</Set>
				<Set Name="53">
					<Setting Name="__SourceName">Accretion</Setting>
					<Setting Name="ETag">SlowAsc</Setting>
					<Setting Name="Named">TRUE</Setting>
					<Setting Name="Sav">3</Setting>
					<Setting Name="Target">@Me</Setting>
					<Setting Name="Type">Combat</Setting>
				</Set>
				<Set Name="54">
					<Setting Name="__SourceName">Ralissk's Insight</Setting>
					<Setting Name="Type">NamedCA</Setting>
				</Set>
				<Set Name="55">
					<Setting Name="__SourceName">Savage Blaze</Setting>
					<Setting Name="Type">NamedCA</Setting>
				</Set>
				<Set Name="56">
					<Setting Name="#">1</Setting>
					<Setting Name="__SourceName">Feral Intensity</Setting>
					<Setting Name="Type">CA</Setting>
				</Set>
				<Set Name="57">
					<Setting Name="__SourceName">Evasive Maneuvers</Setting>
					<Setting Name="ATag">Primal</Setting>
					<Setting Name="AType">Trigger Only</Setting>
					<Setting Name="ETag">PrimalWindow</Setting>
					<Setting Name="Sav">5</Setting>
					<Setting Name="Type">CA</Setting>
				</Set>
				<Set Name="58">
					<Setting Name="__SourceName">Savage Beating</Setting>
					<Setting Name="ETag">PrimalWindow</Setting>
					<Setting Name="EType">Listen Only</Setting>
					<Setting Name="Type">NamedCA</Setting>
				</Set>
				<Set Name="59">
					<Setting Name="#">1</Setting>
					<Setting Name="__SourceName">Desiccation</Setting>
					<Setting Name="ETag">PrimalWindow</Setting>
					<Setting Name="EType">Listen Only</Setting>
					<Setting Name="Type">NamedCA</Setting>
				</Set>
				<Set Name="60">
					<Setting Name="__SourceName">Callous Ferocity</Setting>
					<Setting Name="Type">CA</Setting>
				</Set>
				<Set Name="61">
					<Setting Name="__SourceName">Hawk Eyes</Setting>
					<Setting Name="Type">CA</Setting>
				</Set>
				<Set Name="62">
					<Setting Name="__SourceName">Feral Rending</Setting>
					<Setting Name="Type">CA</Setting>
				</Set>
				<Set Name="63">
					<Setting Name="__SourceName">Flurry of Claws</Setting>
					<Setting Name="Type">CA</Setting>
				</Set>
				<Set Name="64">
					<Setting Name="__SourceName">Shiverback Endemic</Setting>
					<Setting Name="Type">CA</Setting>
				</Set>
				<Set Name="65">
					<Setting Name="#">1</Setting>
					<Setting Name="__SourceName">Glacial Roar</Setting>
					<Setting Name="Type">CA</Setting>
				</Set>
				<Set Name="66">
					<Setting Name="__SourceName">Unchained Ferocity</Setting>
					<Setting Name="Type">NamedCA</Setting>
				</Set>
				<Set Name="67">
					<Setting Name="__Disabled">TRUE</Setting>
					<Setting Name="__SourceName">Frigid Fortification</Setting>
					<Setting Name="ID">TRUE</Setting>
					<Setting Name="Tag">MaxHeal</Setting>
					<Setting Name="Target">@Me</Setting>
					<Setting Name="Type">Combat</Setting>
				</Set>
				<Set Name="68">
					<Setting Name="#">2</Setting>
					<Setting Name="__SourceName">Spiral of Shadows</Setting>
					<Setting Name="Type">NamedCA</Setting>
				</Set>
				<Set Name="69">
					<Setting Name="__SourceName">------------------------------------------------------------------------------</Setting>
					<Setting Name="Type">Buff</Setting>
				</Set>
				<Set Name="70">
					<Setting Name="#">1</Setting>
					<Setting Name="__SourceName">Energizing Assault</Setting>
					<Setting Name="ATag">Primal</Setting>
					<Setting Name="AType">Listen Only</Setting>
					<Setting Name="Tag">Spirit-S1</Setting>
					<Setting Name="Type">CA</Setting>
				</Set>
				<Set Name="71">
					<Setting Name="__SourceName">Chillbarrier</Setting>
					<Setting Name="ATag">Primal</Setting>
					<Setting Name="AType">Listen Only</Setting>
					<Setting Name="ID">TRUE</Setting>
					<Setting Name="Tag">Spirit-S2</Setting>
					<Setting Name="Type">CA</Setting>
				</Set>
				<Set Name="72">
					<Setting Name="#">1</Setting>
					<Setting Name="__SourceName">U'lla's Resolution</Setting>
					<Setting Name="ATag">Primal</Setting>
					<Setting Name="AType">Listen Only</Setting>
					<Setting Name="ID">TRUE</Setting>
					<Setting Name="Tag">Spirit-S4</Setting>
					<Setting Name="Type">CA</Setting>
				</Set>
				<Set Name="73">
					<Setting Name="#">1</Setting>
					<Setting Name="__SourceName">Courageous Scarring</Setting>
					<Setting Name="ATag">Primal</Setting>
					<Setting Name="AType">Listen Only</Setting>
					<Setting Name="ID">TRUE</Setting>
					<Setting Name="Tag">Spirit-S3</Setting>
					<Setting Name="Type">CA</Setting>
				</Set>
				<Set Name="74">
					<Setting Name="__SourceName">Enchanted Barrier</Setting>
					<Setting Name="ATag">Primal</Setting>
					<Setting Name="AType">Listen Only</Setting>
					<Setting Name="ID">TRUE</Setting>
					<Setting Name="Tag">Spirit-S5</Setting>
					<Setting Name="Type">CA</Setting>
				</Set>
				<Set Name="75">
					<Setting Name="#">1</Setting>
					<Setting Name="__SourceName">Astral Soulsiphon</Setting>
					<Setting Name="ATag">Primal</Setting>
					<Setting Name="AType">Listen Only</Setting>
					<Setting Name="Tag">Spirit-S6</Setting>
					<Setting Name="Type">CA</Setting>
				</Set>
				<Set Name="76">
					<Setting Name="__SourceName">------------------------------------------------------------------------------</Setting>
					<Setting Name="Type">Buff</Setting>
				</Set>
				<Set Name="77">
					<Setting Name="__SourceName">Oblivion Link</Setting>
					<Setting Name="Target">@Tank</Setting>
					<Setting Name="Type">Buff</Setting>
				</Set>
				<Set Name="78">
					<Setting Name="__SourceName">Persistence</Setting>
					<Setting Name="Type">Buff</Setting>
				</Set>
				<Set Name="79">
					<Setting Name="__IsItem">TRUE</Setting>
					<Setting Name="__ItemName">Petamorph Wand: Hazardust Wisp</Setting>
					<Setting Name="__SourceName">Item:Petamorph Wand: Hazardust Wisp</Setting>
					<Setting Name="Type">NonCombatBuff</Setting>
				</Set>
				<Set Name="80">
					<Setting Name="__Disabled">TRUE</Setting>
					<Setting Name="__IsItem">TRUE</Setting>
					<Setting Name="__ItemName">Petamorph Wand: Icemane Lion</Setting>
					<Setting Name="__SourceName">Item:Petamorph Wand: Icemane Lion</Setting>
					<Setting Name="Type">NonCombatBuff</Setting>
				</Set>
				<Set Name="81">
					<Setting Name="#">4</Setting>
					<Setting Name="__SourceName">Dagger Storm</Setting>
					<Setting Name="Type">CA</Setting>
				</Set>
				<Set Name="82">
					<Setting Name="__Disabled">TRUE</Setting>
					<Setting Name="__IsItem">TRUE</Setting>
					<Setting Name="__ItemName">Scepter of Shadows</Setting>
					<Setting Name="__SourceName">Item:Scepter of Shadows</Setting>
					<Setting Name="Tag">Scepter</Setting>
					<Setting Name="Type">NamedCA</Setting>
				</Set>
				<Set Name="83">
					<Setting Name="__Disabled">TRUE</Setting>
					<Setting Name="__IsItem">TRUE</Setting>
					<Setting Name="__ItemName">Scepter of Illumination</Setting>
					<Setting Name="__SourceName">Item:Scepter of Illumination</Setting>
					<Setting Name="Tag">Scepter</Setting>
					<Setting Name="Type">NamedCA</Setting>
				</Set>
				<Set Name="84">
					<Setting Name="#">1</Setting>
					<Setting Name="__SourceName">Ralissk's Perception</Setting>
					<Setting Name="Type">NamedCA</Setting>
				</Set>
				<Set Name="85">
					<Setting Name="__SourceName">------------------------------------------------------------------------------</Setting>
					<Setting Name="Type">Buff</Setting>
				</Set>
				<Set Name="86">
					<Setting Name="#">1</Setting>
					<Setting Name="__SourceName">Feral Destruction</Setting>
					<Setting Name="Type">CA</Setting>
				</Set>
				<Set Name="87">
					<Setting Name="__SourceName">Savage Beating</Setting>
					<Setting Name="Type">NamedCA</Setting>
				</Set>
				<Set Name="88">
					<Setting Name="#">1</Setting>
					<Setting Name="__SourceName">Desiccation</Setting>
					<Setting Name="Type">NamedCA</Setting>
				</Set>
				<Set Name="89">
					<Setting Name="#">1</Setting>
					<Setting Name="__SourceName">Savage Howl</Setting>
					<Setting Name="Aggro&gt;">80</Setting>
					<Setting Name="Type">CA</Setting>
				</Set>
				<Set Name="90">
					<Setting Name="#">1</Setting>
					<Setting Name="__SourceName">Spiritual Feast</Setting>
					<Setting Name="Type">CA</Setting>
				</Set>
				<Set Name="91">
					<Setting Name="__SourceName">Feral Rending</Setting>
					<Setting Name="Type">CA</Setting>
				</Set>
				<Set Name="92">
					<Setting Name="__SourceName">Flurry of Claws</Setting>
					<Setting Name="Type">CA</Setting>
				</Set>
				<Set Name="93">
					<Setting Name="__SourceName">Shiverback Endemic</Setting>
					<Setting Name="Type">CA</Setting>
				</Set>
				<Set Name="94">
					<Setting Name="#">1</Setting>
					<Setting Name="__SourceName">Glacial Roar</Setting>
					<Setting Name="Type">CA</Setting>
				</Set>
				<Set Name="95">
					<Setting Name="#">1</Setting>
					<Setting Name="__SourceName">Spiral of Shadows</Setting>
					<Setting Name="Type">NamedCA</Setting>
				</Set>
				<Set Name="96">
					<Setting Name="__SourceName">Savage Allies</Setting>
					<Setting Name="Type">NamedCA</Setting>
				</Set>
				<Set Name="97">
					<Setting Name="__SourceName">Savage Rake</Setting>
					<Setting Name="Type">CA</Setting>
				</Set>
				<Set Name="98">
					<Setting Name="__SourceName">Shred</Setting>
					<Setting Name="Type">NamedCA</Setting>
				</Set>
				<Set Name="99">
					<Setting Name="__SourceName">Kaldrahir's Growl</Setting>
					<Setting Name="ID">TRUE</Setting>
					<Setting Name="Type">CA</Setting>
				</Set>
				<Set Name="100">
					<Setting Name="__SourceName">Elnakii's Swipe</Setting>
					<Setting Name="Type">CA</Setting>
				</Set>
				<Set Name="101">
					<Setting Name="__SourceName">Primal Consumption</Setting>
					<Setting Name="Type">CA</Setting>
				</Set>
				<Set Name="102">
					<Setting Name="#">2</Setting>
					<Setting Name="__SourceName">Dagger Storm</Setting>
					<Setting Name="Type">CA</Setting>
				</Set>
				<Set Name="103">
					<Setting Name="__SourceName">Sharpened Claws</Setting>
					<Setting Name="Type">CA</Setting>
				</Set>
				<Set Name="104">
					<Setting Name="__SourceName">Spinechiller Blood</Setting>
					<Setting Name="Type">CA</Setting>
				</Set>
				<Set Name="105">
					<Setting Name="#">1</Setting>
					<Setting Name="__SourceName">Beastsoul</Setting>
					<Setting Name="Tag">Spiritual</Setting>
					<Setting Name="Type">CA</Setting>
				</Set>
				<Set Name="106">
					<Setting Name="#">1</Setting>
					<Setting Name="__SourceName">Savage Resilience</Setting>
					<Setting Name="Tag">Spiritual</Setting>
					<Setting Name="Type">CA</Setting>
				</Set>
				<Set Name="107">
					<Setting Name="__SourceName">Frigid Fortification</Setting>
					<Setting Name="ID">TRUE</Setting>
					<Setting Name="Tag">Spiritual</Setting>
					<Setting Name="Target">@Me</Setting>
					<Setting Name="Type">Combat</Setting>
				</Set>
				<Set Name="108">
					<Setting Name="__SourceName">Sinister Strike</Setting>
					<Setting Name="Type">CA</Setting>
				</Set>
				<Set Name="109">
					<Setting Name="__Disabled">TRUE</Setting>
					<Setting Name="__SourceName">Warder's Shadow Step</Setting>
					<Setting Name="Type">CA</Setting>
				</Set>
				<Set Name="110">
					<Setting Name="__Disabled">TRUE</Setting>
					<Setting Name="__SourceName">Neurotoxic Venom</Setting>
					<Setting Name="Type">CA</Setting>
				</Set>
				<Set Name="111">
					<Setting Name="#">1</Setting>
					<Setting Name="__SourceName">Noxious Assault</Setting>
					<Setting Name="Tag">Spiritual</Setting>
					<Setting Name="Type">CA</Setting>
				</Set>
				<Set Name="112">
					<Setting Name="__SourceName">Rush</Setting>
					<Setting Name="Type">CA</Setting>
				</Set>
				<Set Name="113">
					<Setting Name="#">1</Setting>
					<Setting Name="__SourceName">Dagger Storm</Setting>
					<Setting Name="Type">CA</Setting>
				</Set>
				<Set Name="114">
					<Setting Name="__Disabled">TRUE</Setting>
					<Setting Name="__SourceName">Evade</Setting>
					<Setting Name="Type">CA</Setting>
				</Set>
				<Set Name="115">
					<Setting Name="__SourceName">Bonechiller Venom</Setting>
					<Setting Name="Type">CA</Setting>
				</Set>
				<Set Name="116">
					<Setting Name="__SourceName">Quick Swipe</Setting>
					<Setting Name="Type">CA</Setting>
				</Set>
				<Set Name="117">
					<Setting Name="__SourceName">Vine Net</Setting>
					<Setting Name="Type">CA</Setting>
				</Set>
				<Set Name="118">
					<Setting Name="__SourceName">------------------------------------------------------------------------------</Setting>
					<Setting Name="Type">Buff</Setting>
				</Set>
				<Set Name="119">
					<Setting Name="__SourceName">Ballads of Zimara: Flawless Execution</Setting>
					<Setting Name="Type">Buff</Setting>
				</Set>
				<Set Name="120">
					<Setting Name="__Disabled">TRUE</Setting>
					<Setting Name="__SourceName">Renewal of Ro: Domination</Setting>
					<Setting Name="Type">Buff</Setting>
				</Set>
				<Set Name="121">
					<Setting Name="__SourceName">New Combine Mercenary Infusion</Setting>
					<Setting Name="Type">Buff</Setting>
				</Set>
				<Set Name="122">
					<Setting Name="__SourceName">Jubilant Familiar Infusion</Setting>
					<Setting Name="Type">Buff</Setting>
				</Set>
				<Set Name="123">
					<Setting Name="__SourceName">D'Morte Vampire Mount Infusion</Setting>
					<Setting Name="Type">Buff</Setting>
				</Set>
				<Set Name="124">
					<Setting Name="__Disabled">TRUE</Setting>
					<Setting Name="__SourceName">Vah Shir Mount Infusion</Setting>
					<Setting Name="Type">Buff</Setting>
				</Set>
				<Set Name="125">
					<Setting Name="__SourceName">French Slobberer</Setting>
					<Setting Name="Type">Buff</Setting>
				</Set>
				<Set Name="126">
					<Setting Name="__SourceName">Intrinsic Nature</Setting>
					<Setting Name="Type">Buff</Setting>
				</Set>
				<Set Name="127">
					<Setting Name="__SourceName">Master of Beasts</Setting>
					<Setting Name="Type">Buff</Setting>
				</Set>
				<Set Name="128">
					<Setting Name="__SourceName">Savage Ruin</Setting>
					<Setting Name="Type">Buff</Setting>
				</Set>
				<Set Name="129">
					<Setting Name="__SourceName">Altered Beast</Setting>
					<Setting Name="Type">Buff</Setting>
				</Set>
				<Set Name="130">
					<Setting Name="__SourceName">Pathfinding</Setting>
					<Setting Name="Type">Buff</Setting>
				</Set>
				<Set Name="131">
					<Setting Name="__SourceName">Chilling Claws</Setting>
					<Setting Name="Type">Buff</Setting>
				</Set>
				<Set Name="132">
					<Setting Name="__SourceName">Shrink Warder</Setting>
					<Setting Name="Type">Buff</Setting>
				</Set>
				<Set Name="133">
					<Setting Name="__SourceName">Union of Stone</Setting>
					<Setting Name="Type">Buff</Setting>
				</Set>
				<Set Name="134">
					<Setting Name="__SourceName">Guild Buff</Setting>
					<Setting Name="Type">Buff</Setting>
				</Set>
				<Set Name="135">
					<Setting Name="__SourceName">Summon: Beloved of Bristlebane</Setting>
					<Setting Name="Type">NonCombatBuff</Setting>
				</Set>
				<Set Name="136">
					<Setting Name="__SourceName">Wroughtlands Smasher</Setting>
					<Setting Name="Type">Buff</Setting>
				</Set>
				<Set Name="137">
					<Setting Name="__Disabled">TRUE</Setting>
					<Setting Name="__SourceName">Takish'Hiz Peafowl</Setting>
					<Setting Name="Type">Buff</Setting>
				</Set>
				<Set Name="138">
					<Setting Name="__ENDOFCASTSTACK">TRUE</Setting>
					<Setting Name="__SourceName">============= END OF CAST STACK =============</Setting>
					<Setting Name="Type">Buff</Setting>
				</Set>
			</Set>
			<Set Name="AbilityRotation">
				<Set Name="1">
					<Setting Name="__SourceName">Savage Resilience</Setting>
					<Setting Name="Dur">15</Setting>
					<Setting Name="Me">TRUE</Setting>
				</Set>
				<Set Name="2">
					<Setting Name="__SourceName">Noxious Assault</Setting>
					<Setting Name="Dur">2</Setting>
					<Setting Name="Me">TRUE</Setting>
				</Set>
				<Set Name="3">
					<Setting Name="__SourceName">Neurotoxic Venom</Setting>
					<Setting Name="Dur">12</Setting>
					<Setting Name="Me">TRUE</Setting>
				</Set>
				<Set Name="4">
					<Setting Name="__SourceName">Hawk Eyes</Setting>
					<Setting Name="Dur">17</Setting>
					<Setting Name="Me">TRUE</Setting>
				</Set>
				<Set Name="5">
					<Setting Name="__SourceName">Essence of Magic</Setting>
					<Setting Name="G">TRUE</Setting>
					<Setting Name="I">TRUE</Setting>
				</Set>
				<Set Name="6">
					<Setting Name="__SourceName">Glacial Freeze</Setting>
					<Setting Name="I">TRUE</Setting>
				</Set>
				<Set Name="7">
					<Setting Name="__SourceName">Brittle Armor</Setting>
					<Setting Name="Dur">44</Setting>
					<Setting Name="I">TRUE</Setting>
				</Set>
				<Set Name="8">
					<Setting Name="__SourceName">Evasive Maneuvers</Setting>
					<Setting Name="Dur">35</Setting>
					<Setting Name="I">TRUE</Setting>
					<Setting Name="Me">TRUE</Setting>
				</Set>
			</Set>
			<Set Name="Precast">
				<Set Name="1">
					<Setting Name="__SourceName">Dragon Claws</Setting>
					<Setting Name="On">Dagger Storm</Setting>
				</Set>
				<Set Name="2">
					<Setting Name="__Disabled">TRUE</Setting>
					<Setting Name="__SourceName">Ethereal Conduit</Setting>
					<Setting Name="On">Ethershadow Assassin</Setting>
				</Set>
				<Set Name="3">
					<Setting Name="__SourceName">Animalistic Intent</Setting>
					<Setting Name="On">Draconic Breath</Setting>
				</Set>
			</Set>
			<Set Name="Postcast">
				<Set Name="1">
					<Setting Name="__SourceName">Focused Blast</Setting>
					<Setting Name="After">Levinbolt</Setting>
				</Set>
				<Set Name="2">
					<Setting Name="__Disabled">TRUE</Setting>
					<Setting Name="__SourceName">Ethershadow Assassin</Setting>
					<Setting Name="After">Ethereal Conduit</Setting>
				</Set>
			</Set>
			<Set Name="Announce">
				<Set Name="1">
					<Setting Name="__SourceName">Slice of Despair</Setting>
					<Setting Name="Target">Raid</Setting>
					<Setting Name="Txt">Casting Slice of Despair</Setting>
				</Set>
				<Set Name="2">
					<Setting Name="__SourceName">Balanced Synergy</Setting>
					<Setting Name="Target">Group</Setting>
					<Setting Name="Txt">Balanced Synergy - Scout</Setting>
				</Set>
				<Set Name="3">
					<Setting Name="__SourceName">Evasive Maneuvers</Setting>
					<Setting Name="Target">Raid</Setting>
					<Setting Name="Txt">Dumping Primals</Setting>
				</Set>
				<Set Name="4">
					<Setting Name="__SourceName">Evasive Maneuvers</Setting>
					<Setting Name="Target">Execute In Console</Setting>
					<Setting Name="Txt">oc !c -AbilityTag all PrimalTemps 6 Allow</Setting>
				</Set>
				<Set Name="5">
					<Setting Name="__SourceName">Evade</Setting>
					<Setting Name="Target">Execute In Console</Setting>
					<Setting Name="Txt">oc !c -AbilityTag_ResetAbilityTagAllow @Me Primal</Setting>
				</Set>
				<Set Name="6">
					<Setting Name="__SourceName">Brutal Beatdown</Setting>
					<Setting Name="Target">Execute In Console</Setting>
					<Setting Name="Txt">timedcommand 5 eq2ex cancel_maintained Warder's Ferocity</Setting>
				</Set>
				<Set Name="7">
					<Setting Name="__SourceName">Warder's Ferocity</Setting>
					<Setting Name="Target">Execute In Console</Setting>
					<Setting Name="Txt">timedcommand 200 eq2ex cancel_maintained Warder's Ferocity</Setting>
				</Set>
			</Set>
			<Set Name="Other">
				<Setting Name="combobox_other_curabledisable">NULL</Setting>
				<Setting Name="checkbox_other_curabledisable">FALSE</Setting>
				<Setting Name="checkbox_other_requestconfrontfearviauplink">TRUE</Setting>
				<Setting Name="checkbox_other_acceptgroupinvitesfromanyoneinrange">FALSE</Setting>
				<Setting Name="checkbox_other_handlefieldmedic">TRUE</Setting>
			</Set>
			<Set Name="Debug">
				<Setting Name="checkbox_debug_casting">FALSE</Setting>
				<Setting Name="checkbox_debug_whatisthebotdoing">FALSE</Setting>
				<Setting Name="checkbox_debug_castingdetails">FALSE</Setting>
				<Setting Name="checkbox_debug_castingextras">FALSE</Setting>
				<Setting Name="checkbox_debug_failedcasts">FALSE</Setting>
			</Set>
			<Set Name="AutoTarget">
				<Setting Name="slider_autotarget_scanheight">5</Setting>
				<Setting Name="slider_autotarget_scanradius">20</Setting>
				<Setting Name="slider_autotarget_rescantime">1</Setting>
				<Setting Name="checkbox_autotarget_enabled">FALSE</Setting>
			</Set>
			<Set Name="LoadExecute">
				<Set Name="1">
					<Setting Name="__SourceName">eq2execute ics_playercombatautoface 0</Setting>
				</Set>
				<Set Name="2">
					<Setting Name="__Disabled">TRUE</Setting>
					<Setting Name="__SourceName">run Charm</Setting>
				</Set>
				<Set Name="3">
					<Setting Name="__SourceName">run ReadyUp 8</Setting>
				</Set>
			</Set>
			<Set Name="OnZoneExecute">
				<Set Name="1">
					<Setting Name="__Disabled">TRUE</Setting>
					<Setting Name="__SourceName">run FieldMedic</Setting>
				</Set>
			</Set>
			<Set Name="EquipmentInfo">
				<Setting Name="combobox_equipmentinfo_charmoption1">Item:Shard of the Mountain</Setting>
				<Setting Name="combobox_equipmentinfo_charmoption2">Item:Cerebral Incubator</Setting>
			</Set>
			<Set Name="OgreConsole">
				<Setting Name="checkbox_ogreconsole_hideonload">TRUE</Setting>
				<Setting Name="checkbox_ogreconsole_neverautoopen">TRUE</Setting>
			</Set>
			<Set Name="AscensionEmbargoList">
				<Set Name="1">
					<Setting Name="__SourceName">Ethershadow Assassin</Setting>
				</Set>
			</Set>
			<Set Name="Items">
				<Set Name="1">
					<Setting Name="__SourceName">Behind the Schemes</Setting>
				</Set>
				<Set Name="2">
					<Setting Name="__SourceName">Cerebral Incubator</Setting>
				</Set>
				<Set Name="3">
					<Setting Name="__SourceName">Dreadfell Scroll of Pugilism</Setting>
				</Set>
				<Set Name="4">
					<Setting Name="__SourceName">Dreadfell Scroll of Pugilism</Setting>
				</Set>
				<Set Name="5">
					<Setting Name="__SourceName">Dreadfell Scroll of Skirmishing</Setting>
				</Set>
				<Set Name="6">
					<Setting Name="__SourceName">Forlorn Cure Arcane</Setting>
				</Set>
				<Set Name="7">
					<Setting Name="__SourceName">Forlorn Cure Elemental</Setting>
				</Set>
				<Set Name="8">
					<Setting Name="__SourceName">Forlorn Cure Noxious</Setting>
				</Set>
				<Set Name="9">
					<Setting Name="__SourceName">Forlorn Cure Trauma</Setting>
				</Set>
				<Set Name="10">
					<Setting Name="__SourceName">Gadsin's Zombified Eyeball</Setting>
				</Set>
				<Set Name="11">
					<Setting Name="__SourceName">Handcrafted Zimaran Elixir of Tactics</Setting>
				</Set>
				<Set Name="12">
					<Setting Name="__SourceName">Handcrafted Zimaran Scroll of Pugilism</Setting>
				</Set>
				<Set Name="13">
					<Setting Name="__SourceName">Handcrafted Zimaran Scroll of Skirmishing</Setting>
				</Set>
				<Set Name="14">
					<Setting Name="__SourceName">Petamorph Wand: Hazardust Wisp</Setting>
				</Set>
				<Set Name="15">
					<Setting Name="__SourceName">Petamorph Wand: Icemane Lion</Setting>
				</Set>
				<Set Name="16">
					<Setting Name="__SourceName">Plateaus Elixir of Tactics</Setting>
				</Set>
				<Set Name="17">
					<Setting Name="__SourceName">Plateaus Energy Inverter</Setting>
				</Set>
				<Set Name="18">
					<Setting Name="__SourceName">Plateaus Scroll of Pugilism</Setting>
				</Set>
				<Set Name="19">
					<Setting Name="__SourceName">Plateaus Scroll of Skirmishing</Setting>
				</Set>
				<Set Name="20">
					<Setting Name="__SourceName">Scepter of Illumination</Setting>
				</Set>
				<Set Name="21">
					<Setting Name="__SourceName">Scepter of Shadows</Setting>
				</Set>
				<Set Name="22">
					<Setting Name="__SourceName">Shadowscream Essence of Clarity</Setting>
				</Set>
				<Set Name="23">
					<Setting Name="__SourceName">Shadowscream Scroll of Brawn</Setting>
				</Set>
				<Set Name="24">
					<Setting Name="__SourceName">Shadowscream Scroll of Grappling</Setting>
				</Set>
				<Set Name="25">
					<Setting Name="__SourceName">Shadowscream Scroll of Pugilism</Setting>
				</Set>
				<Set Name="26">
					<Setting Name="__SourceName">Shadowscream Scroll of Skirmishing</Setting>
				</Set>
				<Set Name="27">
					<Setting Name="__SourceName">Shard of the Mountain</Setting>
				</Set>
				<Set Name="28">
					<Setting Name="__SourceName">Skyshrine Petamorph Wand: Constructed Defender</Setting>
				</Set>
				<Set Name="29">
					<Setting Name="__SourceName">Unstable Void Crystal</Setting>
				</Set>
				<Set Name="30">
					<Setting Name="__SourceName">Wyrm Cursed Star Darkened Amulet</Setting>
				</Set>
				<Set Name="31">
					<Setting Name="__SourceName">_ADORN_Heart of Luclin</Setting>
				</Set>
				<Set Name="32">
					<Setting Name="__SourceName">_ADORN_Renewal Rune: Vampiric Requiem</Setting>
				</Set>
				<Set Name="33">
					<Setting Name="__SourceName">_EQUIPPED_Head_03</Setting>
				</Set>
				<Set Name="34">
					<Setting Name="__SourceName">_EQUIPPED_Left Charm_21</Setting>
				</Set>
				<Set Name="35">
					<Setting Name="__SourceName">_EQUIPPED_Neck_14</Setting>
				</Set>
				<Set Name="36">
					<Setting Name="__SourceName">_EQUIPPED_Right Charm_22</Setting>
				</Set>
			</Set>
			<Set Name="ConsumeItems">
				<Set Name="1">
					<Setting Name="__IsItem">TRUE</Setting>
					<Setting Name="__ItemName">Handcrafted Zimaran Scroll of Pugilism</Setting>
					<Setting Name="__SourceName">Item:Handcrafted Zimaran Scroll of Pugilism</Setting>
					<Setting Name="IC">TRUE</Setting>
				</Set>
				<Set Name="2">
					<Setting Name="__IsItem">TRUE</Setting>
					<Setting Name="__ItemName">Handcrafted Zimaran Scroll of Skirmishing</Setting>
					<Setting Name="__SourceName">Item:Handcrafted Zimaran Scroll of Skirmishing</Setting>
					<Setting Name="IC">TRUE</Setting>
				</Set>
				<Set Name="3">
					<Setting Name="__IsItem">TRUE</Setting>
					<Setting Name="__ItemName">Handcrafted Zimaran Elixir of Tactics</Setting>
					<Setting Name="__SourceName">Item:Handcrafted Zimaran Elixir of Tactics</Setting>
					<Setting Name="IC">TRUE</Setting>
				</Set>
			</Set>
			<Set Name="Tags_AddNew">
				<Set Name="1">
					<Setting Name="__SourceName">FastCast</Setting>
				</Set>
				<Set Name="2">
					<Setting Name="__SourceName">ECPostCast</Setting>
				</Set>
				<Set Name="3">
					<Setting Name="__SourceName">SlowFrigid</Setting>
				</Set>
				<Set Name="4">
					<Setting Name="__SourceName">EARefresh</Setting>
				</Set>
				<Set Name="5">
					<Setting Name="__SourceName">Primal</Setting>
				</Set>
				<Set Name="6">
					<Setting Name="__SourceName">PrimalTemps</Setting>
				</Set>
				<Set Name="7">
					<Setting Name="__SourceName">PrimalWindow</Setting>
				</Set>
				<Set Name="8">
					<Setting Name="__SourceName">PreCastTag</Setting>
				</Set>
				<Set Name="9">
					<Setting Name="__SourceName">Bulwark</Setting>
				</Set>
				<Set Name="10">
					<Setting Name="__SourceName">PrimalPause1</Setting>
				</Set>
				<Set Name="11">
					<Setting Name="__SourceName">PrimalPause2</Setting>
				</Set>
				<Set Name="12">
					<Setting Name="__SourceName">PrimalGroup1</Setting>
				</Set>
				<Set Name="13">
					<Setting Name="__SourceName">PrimalGroup2</Setting>
				</Set>
				<Set Name="14">
					<Setting Name="__SourceName">SlowPrimal</Setting>
				</Set>
				<Set Name="15">
					<Setting Name="__SourceName">PrimalNext</Setting>
				</Set>
				<Set Name="16">
					<Setting Name="__SourceName">ColKnow</Setting>
				</Set>
				<Set Name="17">
					<Setting Name="__SourceName">EpicSpell</Setting>
				</Set>
				<Set Name="18">
					<Setting Name="__SourceName">Barrage</Setting>
				</Set>
				<Set Name="19">
					<Setting Name="__SourceName">SlowAsc</Setting>
				</Set>
				<Set Name="20">
					<Setting Name="__SourceName">ReadyUpInc</Setting>
				</Set>
				<Set Name="21">
					<Setting Name="__SourceName">SlowTorment</Setting>
				</Set>
				<Set Name="22">
					<Setting Name="__SourceName">Invert</Setting>
				</Set>
			</Set>
			<Set Name="Tags">
				<Set Name="1">
					<Setting Name="+">1</Setting>
					<Setting Name="__SourceName">FastCast</Setting>
					<Setting Name="I">TRUE</Setting>
					<Setting Name="Me">TRUE</Setting>
				</Set>
				<Set Name="2">
					<Setting Name="__SourceName">ECPostCast</Setting>
					<Setting Name="I">TRUE</Setting>
					<Setting Name="Me">TRUE</Setting>
				</Set>
				<Set Name="3">
					<Setting Name="__SourceName">SlowFrigid</Setting>
					<Setting Name="Dur">3</Setting>
					<Setting Name="I">TRUE</Setting>
					<Setting Name="Me">TRUE</Setting>
				</Set>
				<Set Name="4">
					<Setting Name="__SourceName">EARefresh</Setting>
					<Setting Name="Dur">200</Setting>
					<Setting Name="I">TRUE</Setting>
					<Setting Name="Me">TRUE</Setting>
				</Set>
				<Set Name="5">
					<Setting Name="__SourceName">Primal</Setting>
					<Setting Name="Dur">28</Setting>
					<Setting Name="I">TRUE</Setting>
					<Setting Name="Me">TRUE</Setting>
				</Set>
				<Set Name="6">
					<Setting Name="__SourceName">PrimalTemps</Setting>
					<Setting Name="I">TRUE</Setting>
				</Set>
				<Set Name="7">
					<Setting Name="__SourceName">PrimalWindow</Setting>
					<Setting Name="Dur">15</Setting>
					<Setting Name="I">TRUE</Setting>
					<Setting Name="Me">TRUE</Setting>
				</Set>
				<Set Name="8">
					<Setting Name="__SourceName">PreCastTag</Setting>
					<Setting Name="I">TRUE</Setting>
					<Setting Name="Me">TRUE</Setting>
				</Set>
				<Set Name="9">
					<Setting Name="__SourceName">ColKnow</Setting>
					<Setting Name="I">TRUE</Setting>
					<Setting Name="Me">TRUE</Setting>
				</Set>
				<Set Name="10">
					<Setting Name="__SourceName">EpicSpell</Setting>
					<Setting Name="I">TRUE</Setting>
					<Setting Name="Me">TRUE</Setting>
				</Set>
				<Set Name="11">
					<Setting Name="__SourceName">Barrage</Setting>
					<Setting Name="I">TRUE</Setting>
					<Setting Name="Me">TRUE</Setting>
				</Set>
				<Set Name="12">
					<Setting Name="__SourceName">SlowAsc</Setting>
					<Setting Name="Dur">10</Setting>
					<Setting Name="I">TRUE</Setting>
					<Setting Name="Me">TRUE</Setting>
				</Set>
				<Set Name="13">
					<Setting Name="__SourceName">ReadyUpInc</Setting>
					<Setting Name="I">TRUE</Setting>
					<Setting Name="Me">TRUE</Setting>
				</Set>
				<Set Name="14">
					<Setting Name="__SourceName">SlowTorment</Setting>
					<Setting Name="Dur">10</Setting>
					<Setting Name="H">TRUE</Setting>
					<Setting Name="I">TRUE</Setting>
					<Setting Name="Me">TRUE</Setting>
				</Set>
				<Set Name="15">
					<Setting Name="__SourceName">Invert</Setting>
					<Setting Name="I">TRUE</Setting>
					<Setting Name="Me">TRUE</Setting>
				</Set>
			</Set>
			<Set Name="ProfileParts">
				<Set Name="1">
					<Setting Name="__SourceName">Ascension</Setting>
					<Setting Name="File">All_Profile.xml</Setting>
				</Set>
				<Set Name="2">
					<Setting Name="__SourceName">ItemRotation</Setting>
					<Setting Name="File">All_Profile.xml</Setting>
				</Set>
				<Set Name="3">
					<Setting Name="__SourceName">Overseer</Setting>
					<Setting Name="File">All_Profile.xml</Setting>
				</Set>
				<Set Name="4">
					<Setting Name="__SourceName">OverseerBuyMissions</Setting>
					<Setting Name="File">All_Profile.xml</Setting>
				</Set>
				<Set Name="5">
					<Setting Name="__SourceName">PackPony</Setting>
					<Setting Name="File">All_Profile.xml</Setting>
				</Set>
				<Set Name="6">
					<Setting Name="__SourceName">Setup</Setting>
					<Setting Name="File">NonTank_Profile.xml</Setting>
				</Set>
				<Set Name="7">
					<Setting Name="__SourceName">Settings</Setting>
					<Setting Name="File">NonTank_Profile2.xml</Setting>
				</Set>
				<Set Name="8">
					<Setting Name="__SourceName">Loot</Setting>
					<Setting Name="File">NonTank_Profile.xml</Setting>
				</Set>
				<Set Name="9">
					<Setting Name="__SourceName">OSA</Setting>
					<Setting Name="File">NonTank_Profile.xml</Setting>
				</Set>
				<Set Name="10">
					<Setting Name="__SourceName">HUDs</Setting>
					<Setting Name="File">NonTank_Profile.xml</Setting>
				</Set>
				<Set Name="11">
					<Setting Name="__SourceName">Assist</Setting>
					<Setting Name="File">NonTank_Profile.xml</Setting>
				</Set>
				<Set Name="12">
					<Setting Name="__SourceName">Aliases</Setting>
					<Setting Name="File">All_Profile.xml</Setting>
				</Set>
			</Set>
			<Set Name="ProfilePartsSettings">
				<Setting Name="checkbox_profileparts_settings_enable">TRUE</Setting>
			</Set>
			<Set Name="HOExcludes">
				<Set Name="1">
					<Setting Name="__SourceName">Chilling Claws</Setting>
				</Set>
				<Set Name="2">
					<Setting Name="__SourceName">Feral Stance</Setting>
				</Set>
				<Set Name="3">
					<Setting Name="__SourceName">Pathfinding</Setting>
				</Set>
				<Set Name="4">
					<Setting Name="__SourceName">Savage Ruin</Setting>
				</Set>
				<Set Name="5">
					<Setting Name="__SourceName">Spiritual Stance</Setting>
				</Set>
				<Set Name="6">
					<Setting Name="__SourceName">Warder's Ferocity</Setting>
				</Set>
				<Set Name="7">
					<Setting Name="__SourceName">Callous Ferocity</Setting>
				</Set>
				<Set Name="8">
					<Setting Name="__SourceName">Hawk Eyes</Setting>
				</Set>
				<Set Name="9">
					<Setting Name="__SourceName">Claw of Khati Sha</Setting>
				</Set>
				<Set Name="10">
					<Setting Name="__SourceName">Brutal Beatdown</Setting>
				</Set>
				<Set Name="11">
					<Setting Name="__SourceName">Draconic Breath</Setting>
				</Set>
				<Set Name="12">
					<Setting Name="__SourceName">Luclin's Pain</Setting>
				</Set>
				<Set Name="13">
					<Setting Name="__SourceName">Noxious Grasp</Setting>
				</Set>
				<Set Name="14">
					<Setting Name="__SourceName">Truespirit Venom</Setting>
				</Set>
			</Set>
			<Set Name="VampiricRequiem">
				<Set Name="1">
					<Setting Name="__SourceName">Chilling Claws</Setting>
				</Set>
				<Set Name="2">
					<Setting Name="__SourceName">Savage Ruin</Setting>
				</Set>
			</Set>
		</Set>
		<Setting Name="DefaultProfiles">BoZ_Beastlord</Setting>
	</Set>
</InnerSpaceSettings>
