﻿<?xml version='1.0' encoding='UTF-8'?>
<!-- Generated by LavishSettings v2 -->
<InnerSpaceSettings>
	<Set Name="Profiles">
		<Set Name="BoZ_Shadowknight">
			<Set Name="CastStack">
				<Set Name="1">
					<Setting Name="__IsItem">TRUE</Setting>
					<Setting Name="__ItemName">Plateaus Energy Inverter</Setting>
					<Setting Name="__SourceName">Item:Plateaus Energy Inverter</Setting>
					<Setting Name="ATag">Invert</Setting>
					<Setting Name="AType">Listen Only</Setting>
					<Setting Name="Type">CA</Setting>
				</Set>
				<Set Name="2">
					<Setting Name="__IsItem">TRUE</Setting>
					<Setting Name="__ItemName">_EQUIPPED_Neck_14</Setting>
					<Setting Name="__SourceName">Item:_EQUIPPED_Neck_14</Setting>
					<Setting Name="ATag">ColKnow</Setting>
					<Setting Name="AType">Listen Only</Setting>
					<Setting Name="HP&gt;">90</Setting>
					<Setting Name="RIE">TRUE</Setting>
					<Setting Name="Type">CA</Setting>
				</Set>
				<Set Name="3">
					<Setting Name="__Disabled">TRUE</Setting>
					<Setting Name="__IsItem">TRUE</Setting>
					<Setting Name="__ItemName">_EQUIPPED_Head_03</Setting>
					<Setting Name="__SourceName">Item:_EQUIPPED_Head_03</Setting>
					<Setting Name="ETag">SlowTorment</Setting>
					<Setting Name="HP&gt;">90</Setting>
					<Setting Name="RIE">TRUE</Setting>
					<Setting Name="Type">NamedCA</Setting>
				</Set>
				<Set Name="4">
					<Setting Name="__Disabled">TRUE</Setting>
					<Setting Name="__SourceName">-------------------------------------------------------------------------------</Setting>
					<Setting Name="Type">Buff</Setting>
				</Set>
				<Set Name="5">
					<Setting Name="__SourceName">Unholy Stampede</Setting>
					<Setting Name="Type">NamedCA</Setting>
				</Set>
				<Set Name="6">
					<Setting Name="__Disabled">TRUE</Setting>
					<Setting Name="__SourceName">Blasphemy</Setting>
					<Setting Name="ID">TRUE</Setting>
					<Setting Name="IE">TRUE</Setting>
					<Setting Name="Tag">InterruptMode</Setting>
					<Setting Name="Type">CA</Setting>
				</Set>
				<Set Name="7">
					<Setting Name="__Disabled">TRUE</Setting>
					<Setting Name="__IsItem">TRUE</Setting>
					<Setting Name="__ItemName">Forlorn Cure Arcane</Setting>
					<Setting Name="__SourceName">Item:Forlorn Cure Arcane</Setting>
					<Setting Name="Tag">CurePot</Setting>
					<Setting Name="Type">Cure</Setting>
				</Set>
				<Set Name="8">
					<Setting Name="__Disabled">TRUE</Setting>
					<Setting Name="__IsItem">TRUE</Setting>
					<Setting Name="__ItemName">Forlorn Cure Elemental</Setting>
					<Setting Name="__SourceName">Item:Forlorn Cure Elemental</Setting>
					<Setting Name="Tag">CurePot</Setting>
					<Setting Name="Type">Cure</Setting>
				</Set>
				<Set Name="9">
					<Setting Name="__Disabled">TRUE</Setting>
					<Setting Name="__IsItem">TRUE</Setting>
					<Setting Name="__ItemName">Forlorn Cure Noxious</Setting>
					<Setting Name="__SourceName">Item:Forlorn Cure Noxious</Setting>
					<Setting Name="Tag">CurePot</Setting>
					<Setting Name="Type">Cure</Setting>
				</Set>
				<Set Name="10">
					<Setting Name="__Disabled">TRUE</Setting>
					<Setting Name="__IsItem">TRUE</Setting>
					<Setting Name="__ItemName">Forlorn Cure Trauma</Setting>
					<Setting Name="__SourceName">Item:Forlorn Cure Trauma</Setting>
					<Setting Name="Tag">CurePot</Setting>
					<Setting Name="Type">Cure</Setting>
				</Set>
				<Set Name="11">
					<Setting Name="__Disabled">TRUE</Setting>
					<Setting Name="__SourceName">Touch of Death</Setting>
					<Setting Name="Aggro&lt;">99</Setting>
					<Setting Name="ETag">SlowSnap</Setting>
					<Setting Name="Tag">Snap</Setting>
					<Setting Name="Type">NamedCA</Setting>
				</Set>
				<Set Name="12">
					<Setting Name="__Disabled">TRUE</Setting>
					<Setting Name="__SourceName">Rescue</Setting>
					<Setting Name="Aggro&lt;">99</Setting>
					<Setting Name="ETag">SlowSnap</Setting>
					<Setting Name="Tag">Snap</Setting>
					<Setting Name="Type">NamedCA</Setting>
				</Set>
				<Set Name="13">
					<Setting Name="__Disabled">TRUE</Setting>
					<Setting Name="__SourceName">Sneering Assault</Setting>
					<Setting Name="Aggro&lt;">99</Setting>
					<Setting Name="ETag">SlowSnap</Setting>
					<Setting Name="Tag">Snap</Setting>
					<Setting Name="Type">NamedCA</Setting>
				</Set>
				<Set Name="14">
					<Setting Name="__Disabled">TRUE</Setting>
					<Setting Name="__SourceName">Provocation</Setting>
					<Setting Name="Aggro&lt;">99</Setting>
					<Setting Name="Tag">Snap</Setting>
					<Setting Name="Type">NamedCA</Setting>
				</Set>
				<Set Name="15">
					<Setting Name="__Disabled">TRUE</Setting>
					<Setting Name="__SourceName">Chaotic Blade</Setting>
					<Setting Name="Aggro&lt;">99</Setting>
					<Setting Name="Tag">Snap</Setting>
					<Setting Name="Type">NamedCA</Setting>
				</Set>
				<Set Name="16">
					<Setting Name="__SourceName">Oblivion Link</Setting>
					<Setting Name="Target">@Bard</Setting>
					<Setting Name="Type">Buff</Setting>
				</Set>
				<Set Name="17">
					<Setting Name="__SourceName">Reaver</Setting>
					<Setting Name="Type">Buff</Setting>
				</Set>
				<Set Name="18">
					<Setting Name="__SourceName">Pledge of Armament</Setting>
					<Setting Name="Target">*G1Tank</Setting>
					<Setting Name="Type">Buff</Setting>
				</Set>
				<Set Name="19">
					<Setting Name="__SourceName">Alternate: Siphon Armament</Setting>
					<Setting Name="Target">Pet:@Healer1</Setting>
					<Setting Name="Type">Buff</Setting>
				</Set>
				<Set Name="20">
					<Setting Name="__SourceName">Bloodletter</Setting>
					<Setting Name="Type">Buff</Setting>
				</Set>
				<Set Name="21">
					<Setting Name="__Disabled">TRUE</Setting>
					<Setting Name="__SourceName">-------------------------------------------------------------------------------</Setting>
					<Setting Name="Type">Buff</Setting>
				</Set>
				<Set Name="22">
					<Setting Name="#">1</Setting>
					<Setting Name="__SourceName">Crusader's Judgement</Setting>
					<Setting Name="ATag">Reaper</Setting>
					<Setting Name="AType">Listen Only</Setting>
					<Setting Name="Type">CA</Setting>
				</Set>
				<Set Name="23">
					<Setting Name="#">1</Setting>
					<Setting Name="__Disabled">TRUE</Setting>
					<Setting Name="__SourceName">Grave Sacrament</Setting>
					<Setting Name="Tag">Pre-cast by Death March</Setting>
					<Setting Name="Type">CA</Setting>
				</Set>
				<Set Name="24">
					<Setting Name="__SourceName">Death March</Setting>
					<Setting Name="ATag">Reaper</Setting>
					<Setting Name="AType">Listen Only</Setting>
					<Setting Name="Type">CA</Setting>
				</Set>
				<Set Name="25">
					<Setting Name="#">1</Setting>
					<Setting Name="__SourceName">Chaos Cloud</Setting>
					<Setting Name="ATag">Reaper</Setting>
					<Setting Name="AType">Listen Only</Setting>
					<Setting Name="Tag">Post-cast by Death March</Setting>
					<Setting Name="Type">CA</Setting>
				</Set>
				<Set Name="26">
					<Setting Name="#">1</Setting>
					<Setting Name="__SourceName">Unending Agony</Setting>
					<Setting Name="ATag">Reaper</Setting>
					<Setting Name="AType">Listen Only</Setting>
					<Setting Name="Type">CA</Setting>
				</Set>
				<Set Name="27">
					<Setting Name="#">1</Setting>
					<Setting Name="__SourceName">Death Cloud</Setting>
					<Setting Name="ATag">Reaper</Setting>
					<Setting Name="AType">Listen Only</Setting>
					<Setting Name="Type">CA</Setting>
				</Set>
				<Set Name="28">
					<Setting Name="#">1</Setting>
					<Setting Name="__Disabled">TRUE</Setting>
					<Setting Name="__SourceName">Doom Judgment</Setting>
					<Setting Name="ATag">Reaper</Setting>
					<Setting Name="AType">Listen Only</Setting>
					<Setting Name="ID">TRUE</Setting>
					<Setting Name="Type">CA</Setting>
				</Set>
				<Set Name="29">
					<Setting Name="#">1</Setting>
					<Setting Name="__SourceName">Reaper's Mist</Setting>
					<Setting Name="ATag">Reaper</Setting>
					<Setting Name="AType">Listen Only</Setting>
					<Setting Name="Type">CA</Setting>
				</Set>
				<Set Name="30">
					<Setting Name="__Disabled">TRUE</Setting>
					<Setting Name="__SourceName">-------------------------------------------------------------------------------</Setting>
					<Setting Name="Type">Buff</Setting>
				</Set>
				<Set Name="31">
					<Setting Name="__Disabled">TRUE</Setting>
					<Setting Name="__IsItem">TRUE</Setting>
					<Setting Name="__ItemName">_EQUIPPED_Left Charm_21</Setting>
					<Setting Name="__SourceName">Item:_EQUIPPED_Left Charm_21</Setting>
					<Setting Name="RIE">TRUE</Setting>
					<Setting Name="Type">Buff</Setting>
				</Set>
				<Set Name="32">
					<Setting Name="__IsItem">TRUE</Setting>
					<Setting Name="__ItemName">_EQUIPPED_Right Charm_22</Setting>
					<Setting Name="__SourceName">Item:_EQUIPPED_Right Charm_22</Setting>
					<Setting Name="RIE">TRUE</Setting>
					<Setting Name="Type">Buff</Setting>
				</Set>
				<Set Name="33">
					<Setting Name="__SourceName">Balanced Synergy</Setting>
					<Setting Name="Type">Custom</Setting>
				</Set>
				<Set Name="34">
					<Setting Name="__Disabled">TRUE</Setting>
					<Setting Name="__SourceName">Soulrend</Setting>
					<Setting Name="Type">CA</Setting>
				</Set>
				<Set Name="35">
					<Setting Name="%">85</Setting>
					<Setting Name="__SourceName">Draconic Shout</Setting>
					<Setting Name="HP&lt;">75</Setting>
					<Setting Name="Type">Heal</Setting>
				</Set>
				<Set Name="36">
					<Setting Name="%">85</Setting>
					<Setting Name="__SourceName">Blood Siphon</Setting>
					<Setting Name="HP&lt;">75</Setting>
					<Setting Name="Type">Heal</Setting>
				</Set>
				<Set Name="37">
					<Setting Name="__Disabled">TRUE</Setting>
					<Setting Name="__SourceName">Intercept</Setting>
					<Setting Name="Target">@DPS1</Setting>
					<Setting Name="Type">Combat</Setting>
				</Set>
				<Set Name="38">
					<Setting Name="__Disabled">TRUE</Setting>
					<Setting Name="__SourceName">Intercept</Setting>
					<Setting Name="Target">@Enchanter</Setting>
					<Setting Name="Type">Combat</Setting>
				</Set>
				<Set Name="39">
					<Setting Name="__SourceName">Crusader's Faith</Setting>
					<Setting Name="ETag">CF</Setting>
					<Setting Name="Type">CA</Setting>
				</Set>
				<Set Name="40">
					<Setting Name="__SourceName">Shadowknight's Furor</Setting>
					<Setting Name="ETag">CF</Setting>
					<Setting Name="Type">CA</Setting>
				</Set>
				<Set Name="41">
					<Setting Name="__SourceName">Divine Aura</Setting>
					<Setting Name="ETag">CF</Setting>
					<Setting Name="Type">CA</Setting>
				</Set>
				<Set Name="42">
					<Setting Name="#">1</Setting>
					<Setting Name="__SourceName">Reaper's Touch</Setting>
					<Setting Name="ATag">Reaper</Setting>
					<Setting Name="AType">Trigger Only</Setting>
					<Setting Name="Type">NamedCA</Setting>
				</Set>
				<Set Name="43">
					<Setting Name="__SourceName">Zealot's Challenge</Setting>
					<Setting Name="ID">TRUE</Setting>
					<Setting Name="Type">NamedCA</Setting>
				</Set>
				<Set Name="44">
					<Setting Name="#">8</Setting>
					<Setting Name="__SourceName">Hammer Ground</Setting>
					<Setting Name="Type">CA</Setting>
				</Set>
				<Set Name="45">
					<Setting Name="__SourceName">Shadow Coil</Setting>
					<Setting Name="Type">CA</Setting>
				</Set>
				<Set Name="46">
					<Setting Name="__SourceName">Siphon Strength</Setting>
					<Setting Name="Type">CA</Setting>
				</Set>
				<Set Name="47">
					<Setting Name="#">4</Setting>
					<Setting Name="__SourceName">Death Cloud</Setting>
					<Setting Name="Type">CA</Setting>
				</Set>
				<Set Name="48">
					<Setting Name="#">1</Setting>
					<Setting Name="__SourceName">Unending Agony</Setting>
					<Setting Name="Type">CA</Setting>
				</Set>
				<Set Name="49">
					<Setting Name="__SourceName">Chaotic Blade</Setting>
					<Setting Name="Type">CA</Setting>
				</Set>
				<Set Name="50">
					<Setting Name="__SourceName">Combat Leadership</Setting>
					<Setting Name="Target">@Me</Setting>
					<Setting Name="Type">Combat</Setting>
				</Set>
				<Set Name="51">
					<Setting Name="__SourceName">Unholy Blessing</Setting>
					<Setting Name="ID">TRUE</Setting>
					<Setting Name="Target">@Me</Setting>
					<Setting Name="Type">Combat</Setting>
				</Set>
				<Set Name="52">
					<Setting Name="__SourceName">Exquisite Torment</Setting>
					<Setting Name="Type">NamedCA</Setting>
				</Set>
				<Set Name="53">
					<Setting Name="__SourceName">Devour Vitae</Setting>
					<Setting Name="HP&lt;">90</Setting>
					<Setting Name="Type">CA</Setting>
				</Set>
				<Set Name="54">
					<Setting Name="__SourceName">Tap Veins</Setting>
					<Setting Name="HP&lt;">90</Setting>
					<Setting Name="IAE">TRUE</Setting>
					<Setting Name="Type">CA</Setting>
				</Set>
				<Set Name="55">
					<Setting Name="__SourceName">Hateful Respite</Setting>
					<Setting Name="HP&lt;">60</Setting>
					<Setting Name="Type">CA</Setting>
				</Set>
				<Set Name="56">
					<Setting Name="__SourceName">Unholy Warding</Setting>
					<Setting Name="N_HP&lt;">90</Setting>
					<Setting Name="Type">CA</Setting>
				</Set>
				<Set Name="57">
					<Setting Name="__SourceName">Pestilence</Setting>
					<Setting Name="Type">CA</Setting>
				</Set>
				<Set Name="58">
					<Setting Name="__SourceName">Legionnaire's Conviction</Setting>
					<Setting Name="Type">CA</Setting>
				</Set>
				<Set Name="59">
					<Setting Name="__SourceName">Cleave Flesh</Setting>
					<Setting Name="Type">CA</Setting>
				</Set>
				<Set Name="60">
					<Setting Name="__SourceName">Legionnaire's Smite</Setting>
					<Setting Name="Type">CA</Setting>
				</Set>
				<Set Name="61">
					<Setting Name="__SourceName">Hateful Slam</Setting>
					<Setting Name="Type">CA</Setting>
				</Set>
				<Set Name="62">
					<Setting Name="__SourceName">Soulrend</Setting>
					<Setting Name="Type">CA</Setting>
				</Set>
				<Set Name="63">
					<Setting Name="#">1</Setting>
					<Setting Name="__SourceName">Death Cloud</Setting>
					<Setting Name="ID">TRUE</Setting>
					<Setting Name="Type">CA</Setting>
				</Set>
				<Set Name="64">
					<Setting Name="#">1</Setting>
					<Setting Name="__SourceName">Hammer Ground</Setting>
					<Setting Name="Type">CA</Setting>
				</Set>
				<Set Name="65">
					<Setting Name="__SourceName">Malice</Setting>
					<Setting Name="Type">CA</Setting>
				</Set>
				<Set Name="66">
					<Setting Name="#">4</Setting>
					<Setting Name="__SourceName">Earthshock</Setting>
					<Setting Name="ID">TRUE</Setting>
					<Setting Name="Type">CA</Setting>
				</Set>
				<Set Name="67">
					<Setting Name="#">4</Setting>
					<Setting Name="__SourceName">Blasphemy</Setting>
					<Setting Name="ID">TRUE</Setting>
					<Setting Name="Type">CA</Setting>
				</Set>
				<Set Name="68">
					<Setting Name="__SourceName">Dreadful Wrath</Setting>
					<Setting Name="Type">CA</Setting>
				</Set>
				<Set Name="69">
					<Setting Name="__SourceName">Siphon Strike</Setting>
					<Setting Name="Type">CA</Setting>
				</Set>
				<Set Name="70">
					<Setting Name="#">4</Setting>
					<Setting Name="__SourceName">Devouring Mist</Setting>
					<Setting Name="Type">CA</Setting>
				</Set>
				<Set Name="71">
					<Setting Name="__SourceName">Devour Vitae</Setting>
					<Setting Name="Type">CA</Setting>
				</Set>
				<Set Name="72">
					<Setting Name="__SourceName">Mana Sieve</Setting>
					<Setting Name="Type">CA</Setting>
				</Set>
				<Set Name="73">
					<Setting Name="__Disabled">TRUE</Setting>
					<Setting Name="__SourceName">Insidious Whisper</Setting>
					<Setting Name="Type">CA</Setting>
				</Set>
				<Set Name="74">
					<Setting Name="__SourceName">Goading Gesture</Setting>
					<Setting Name="Type">CA</Setting>
				</Set>
				<Set Name="75">
					<Setting Name="__SourceName">Joust</Setting>
					<Setting Name="Type">NamedCA</Setting>
				</Set>
				<Set Name="76">
					<Setting Name="#">1</Setting>
					<Setting Name="__SourceName">Earthshock</Setting>
					<Setting Name="ID">TRUE</Setting>
					<Setting Name="Type">CA</Setting>
				</Set>
				<Set Name="77">
					<Setting Name="__SourceName">Master's Rage</Setting>
					<Setting Name="Type">CA</Setting>
				</Set>
				<Set Name="78">
					<Setting Name="#">1</Setting>
					<Setting Name="__SourceName">Reaper's Mist</Setting>
					<Setting Name="Type">CA</Setting>
				</Set>
				<Set Name="79">
					<Setting Name="#">1</Setting>
					<Setting Name="__SourceName">Tap Veins</Setting>
					<Setting Name="Type">CA</Setting>
				</Set>
				<Set Name="80">
					<Setting Name="__Disabled">TRUE</Setting>
					<Setting Name="__SourceName">Painbringer</Setting>
					<Setting Name="Type">CA</Setting>
				</Set>
				<Set Name="81">
					<Setting Name="#">1</Setting>
					<Setting Name="__Disabled">TRUE</Setting>
					<Setting Name="__SourceName">Blasphemy</Setting>
					<Setting Name="ID">TRUE</Setting>
					<Setting Name="Type">CA</Setting>
				</Set>
				<Set Name="82">
					<Setting Name="__Disabled">TRUE</Setting>
					<Setting Name="__SourceName">Zealous Smite</Setting>
					<Setting Name="IE">TRUE</Setting>
					<Setting Name="Tag">Special Cure</Setting>
					<Setting Name="Type">CA</Setting>
				</Set>
				<Set Name="83">
					<Setting Name="__SourceName">Essence Siphon</Setting>
					<Setting Name="IE">TRUE</Setting>
					<Setting Name="Type">CA</Setting>
				</Set>
				<Set Name="84">
					<Setting Name="__SourceName">Strike of Consistency</Setting>
					<Setting Name="Type">CA</Setting>
				</Set>
				<Set Name="85">
					<Setting Name="__Disabled">TRUE</Setting>
					<Setting Name="__SourceName">-------------------------------------------------------------------------------</Setting>
					<Setting Name="Type">Buff</Setting>
				</Set>
				<Set Name="86">
					<Setting Name="__SourceName">Renewal of Ro: Domination</Setting>
					<Setting Name="Type">Buff</Setting>
				</Set>
				<Set Name="87">
					<Setting Name="__SourceName">Monolithic Mercenary Infusion</Setting>
					<Setting Name="Type">Buff</Setting>
				</Set>
				<Set Name="88">
					<Setting Name="__SourceName">Jubilant Familiar Infusion</Setting>
					<Setting Name="Type">Buff</Setting>
				</Set>
				<Set Name="89">
					<Setting Name="__SourceName">Vah Shir Mount Infusion</Setting>
					<Setting Name="Type">Buff</Setting>
				</Set>
				<Set Name="90">
					<Setting Name="__SourceName">French Slobberer</Setting>
					<Setting Name="Type">Buff</Setting>
				</Set>
				<Set Name="91">
					<Setting Name="__SourceName">Death's Devotion</Setting>
					<Setting Name="Type">Buff</Setting>
				</Set>
				<Set Name="92">
					<Setting Name="__SourceName">Gravebond</Setting>
					<Setting Name="Type">Buff</Setting>
				</Set>
				<Set Name="93">
					<Setting Name="__SourceName">Cavalier's Shout</Setting>
					<Setting Name="Type">Buff</Setting>
				</Set>
				<Set Name="94">
					<Setting Name="__SourceName">Innoruuk's Caress</Setting>
					<Setting Name="Type">Buff</Setting>
				</Set>
				<Set Name="95">
					<Setting Name="__SourceName">Aura of Leadership</Setting>
					<Setting Name="Type">Buff</Setting>
				</Set>
				<Set Name="96">
					<Setting Name="__SourceName">Battle Leadership</Setting>
					<Setting Name="Type">Buff</Setting>
				</Set>
				<Set Name="97">
					<Setting Name="__SourceName">Devious Evasion</Setting>
					<Setting Name="Target">@DPS1</Setting>
					<Setting Name="Type">Buff</Setting>
				</Set>
				<Set Name="98">
					<Setting Name="__SourceName">Fearless Morale</Setting>
					<Setting Name="Type">Buff</Setting>
				</Set>
				<Set Name="99">
					<Setting Name="__SourceName">Grim Harbinger</Setting>
					<Setting Name="Type">Buff</Setting>
				</Set>
				<Set Name="100">
					<Setting Name="__SourceName">Lucan's Pact</Setting>
					<Setting Name="Type">Buff</Setting>
				</Set>
				<Set Name="101">
					<Setting Name="__SourceName">Seething Hatred</Setting>
					<Setting Name="Type">Buff</Setting>
				</Set>
				<Set Name="102">
					<Setting Name="__SourceName">Soulclaim</Setting>
					<Setting Name="Type">Buff</Setting>
				</Set>
				<Set Name="103">
					<Setting Name="__SourceName">Unholy Hunger</Setting>
					<Setting Name="Type">Buff</Setting>
				</Set>
				<Set Name="104">
					<Setting Name="__SourceName">Unholy Strength</Setting>
					<Setting Name="Type">Buff</Setting>
				</Set>
				<Set Name="105">
					<Setting Name="__Disabled">TRUE</Setting>
					<Setting Name="__SourceName">Pledge of Armament</Setting>
					<Setting Name="Target">Erin</Setting>
					<Setting Name="Type">Buff</Setting>
				</Set>
				<Set Name="106">
					<Setting Name="__Disabled">TRUE</Setting>
					<Setting Name="__SourceName">Dark Blade</Setting>
					<Setting Name="Type">Buff</Setting>
				</Set>
				<Set Name="107">
					<Setting Name="__SourceName">Hover</Setting>
					<Setting Name="Type">Buff</Setting>
				</Set>
				<Set Name="108">
					<Setting Name="__SourceName">Soulclaim</Setting>
					<Setting Name="Type">Buff</Setting>
				</Set>
				<Set Name="109">
					<Setting Name="__SourceName">Battle Leadership</Setting>
					<Setting Name="Type">Buff</Setting>
				</Set>
				<Set Name="110">
					<Setting Name="__SourceName">Sanguine Embrace</Setting>
					<Setting Name="Type">Buff</Setting>
				</Set>
				<Set Name="111">
					<Setting Name="__SourceName">Guild Buff</Setting>
					<Setting Name="Type">Buff</Setting>
				</Set>
				<Set Name="112">
					<Setting Name="__SourceName">Summon: Beloved of Bristlebane</Setting>
					<Setting Name="Type">Buff</Setting>
				</Set>
				<Set Name="113">
					<Setting Name="__SourceName">Summon Artisan's Gathering Goblin</Setting>
					<Setting Name="Type">Buff</Setting>
				</Set>
				<Set Name="114">
					<Setting Name="__SourceName">Wroughtlands Smasher</Setting>
					<Setting Name="Type">Buff</Setting>
				</Set>
				<Set Name="115">
					<Setting Name="__SourceName">Takish'Hiz Peafowl</Setting>
					<Setting Name="Type">Buff</Setting>
				</Set>
			</Set>
			<Set Name="Assist">
				<Set Name="1">
					<Setting Name="__SourceName">*Tank2</Setting>
				</Set>
				<Set Name="2">
					<Setting Name="__SourceName">*Tank3</Setting>
				</Set>
			</Set>
			<Set Name="Precast">
				<Set Name="1">
					<Setting Name="__SourceName">Grave Sacrament</Setting>
					<Setting Name="On">Death March</Setting>
				</Set>
			</Set>
			<Set Name="Postcast">
				<Set Name="1">
					<Setting Name="__SourceName">Chaos Cloud</Setting>
					<Setting Name="After">Death March</Setting>
				</Set>
			</Set>
			<Set Name="Announce">
				<Set Name="1">
					<Setting Name="__SourceName">Demoralizing Swipe</Setting>
					<Setting Name="Target">Raid</Setting>
					<Setting Name="Txt">Casting Demoralizing Swipe</Setting>
				</Set>
				<Set Name="2">
					<Setting Name="__SourceName">Balanced Synergy (Ancient)</Setting>
					<Setting Name="Target">Group</Setting>
					<Setting Name="Txt">Balanced Synergy - Fighter</Setting>
				</Set>
			</Set>
			<Set Name="AutoHunt">
				<Setting Name="checkbox_autohunt_autohunt">FALSE</Setting>
				<Setting Name="checkbox_autohunt_looppath">FALSE</Setting>
				<Setting Name="checkbox_autohunt_pullspell1">FALSE</Setting>
				<Setting Name="combobox_autohunt_pullspell1">Essence Siphon</Setting>
				<Setting Name="checkbox_autohunt_pullspell2">FALSE</Setting>
				<Setting Name="combobox_autohunt_pullspell2">Blasphemy</Setting>
				<Setting Name="checkbox_autohunt_pullspell3">FALSE</Setting>
				<Setting Name="combobox_autohunt_pullspell3">Death Cloud</Setting>
				<Setting Name="checkbox_autohunt_pullspell4">FALSE</Setting>
				<Setting Name="combobox_autohunt_pullspell4">Tap Veins</Setting>
				<Setting Name="checkbox_autohunt_pullspell5">FALSE</Setting>
				<Setting Name="combobox_autohunt_pullspell5">Lance</Setting>
				<Setting Name="checkbox_autohunt_movementonly">FALSE</Setting>
				<Setting Name="checkbox_autohunt_checkaggro">TRUE</Setting>
				<Setting Name="textentry_autohunt_scanradius">40</Setting>
			</Set>
			<Set Name="AutoHunt_Path">
				<Set Name="1">
					<Setting Name="__SourceName">Start</Setting>
				</Set>
				<Set Name="2">
					<Setting Name="__SourceName">Second</Setting>
				</Set>
				<Set Name="3">
					<Setting Name="__SourceName">Third</Setting>
				</Set>
			</Set>
			<Set Name="Other">
				<Setting Name="combobox_other_curabledisable">Aura of the Crusader</Setting>
				<Setting Name="checkbox_other_curabledisable">TRUE</Setting>
				<Setting Name="checkbox_other_requestconfrontfearviauplink">TRUE</Setting>
				<Setting Name="checkbox_other_requestconfrontfearviagroup">FALSE</Setting>
				<Setting Name="textentry_other_requestconfrontfearviagroup">Need Confront Fear</Setting>
				<Setting Name="checkbox_other_handlefieldmedic">TRUE</Setting>
			</Set>
			<Set Name="Debug">
				<Setting Name="checkbox_debug_casting">FALSE</Setting>
				<Setting Name="checkbox_debug_whatisthebotdoing">FALSE</Setting>
				<Setting Name="checkbox_debug_castingextras">FALSE</Setting>
				<Setting Name="checkbox_debug_castingdetails">FALSE</Setting>
			</Set>
			<Set Name="Crowd_Control">
				<Set Name="1">
					<Setting Name="__Disabled">TRUE</Setting>
					<Setting Name="__SourceName">Hateful Slam</Setting>
				</Set>
				<Set Name="2">
					<Setting Name="__Disabled">TRUE</Setting>
					<Setting Name="__SourceName">Soulrend</Setting>
				</Set>
			</Set>
			<Set Name="AutoTarget">
				<Setting Name="checkbox_autotarget_enabled">TRUE</Setting>
				<Setting Name="slider_autotarget_scanradius">20</Setting>
				<Setting Name="slider_autotarget_rescantime">200</Setting>
				<Setting Name="checkbox_autotarget_outofcombatscanning">FALSE</Setting>
				<Setting Name="slider_autotarget_scanheight">15</Setting>
			</Set>
			<Set Name="Load">
				<Setting Name="checkbox_load_radaron">FALSE</Setting>
				<Setting Name="checkbox_load_radaroff">TRUE</Setting>
				<Setting Name="checkbox_load_ogreirc">FALSE</Setting>
			</Set>
			<Set Name="LoadExecute">
				<Set Name="1">
					<Setting Name="__SourceName">eq2execute ics_playercombatautoface 1</Setting>
				</Set>
				<Set Name="2">
					<Setting Name="__SourceName">run Bulwark</Setting>
				</Set>
			</Set>
			<Set Name="OnZoneExecute">
				<Set Name="1">
					<Setting Name="__Disabled">TRUE</Setting>
					<Setting Name="__SourceName">run FieldMedic</Setting>
				</Set>
			</Set>
			<Set Name="EquipmentInfo">
				<Setting Name="combobox_equipmentinfo_charmoption1">Item:Dreamer's Charm of Foresight</Setting>
				<Setting Name="combobox_equipmentinfo_charmoption2">Item:Cerebral Incubator</Setting>
			</Set>
			<Set Name="OgreConsole">
				<Setting Name="textentry_ogreconsole_x">1277</Setting>
				<Setting Name="textentry_ogreconsole_y">831</Setting>
				<Setting Name="textentry_ogreconsole_width">631</Setting>
				<Setting Name="textentry_ogreconsole_height">171</Setting>
				<Setting Name="checkbox_ogreconsole_hideonload">TRUE</Setting>
			</Set>
			<Set Name="ChatEvents">
				<Set Name="1">
					<Setting Name="__SourceName">Find cover before the acid kills you! HURRY!</Setting>
					<Setting Name="Code">oc !c -CS Khyron -JoustOut Khyron - ccsfw Khyron 425.29 250.27 -416.52</Setting>
				</Set>
			</Set>
			<Set Name="AscensionEmbargoList">
				<Set Name="1">
					<Setting Name="__SourceName">Scorched Earth</Setting>
				</Set>
				<Set Name="2">
					<Setting Name="__SourceName">Ethermancy</Setting>
				</Set>
				<Set Name="3">
					<Setting Name="__SourceName">Ethershadow Assassin</Setting>
				</Set>
			</Set>
			<Set Name="Items">
				<Set Name="1">
					<Setting Name="__SourceName">Forlorn Cure Arcane</Setting>
				</Set>
				<Set Name="2">
					<Setting Name="__SourceName">Forlorn Cure Elemental</Setting>
				</Set>
				<Set Name="3">
					<Setting Name="__SourceName">Forlorn Cure Noxious</Setting>
				</Set>
				<Set Name="4">
					<Setting Name="__SourceName">Forlorn Cure Trauma</Setting>
				</Set>
				<Set Name="5">
					<Setting Name="__SourceName">Handcrafted Zimaran Elixir of Tactics</Setting>
				</Set>
				<Set Name="6">
					<Setting Name="__SourceName">Handcrafted Zimaran Scroll of Aptitude</Setting>
				</Set>
				<Set Name="7">
					<Setting Name="__SourceName">Handcrafted Zimaran Scroll of Contempt</Setting>
				</Set>
				<Set Name="8">
					<Setting Name="__SourceName">Handcrafted Zimaran Scroll of Pugilism</Setting>
				</Set>
				<Set Name="9">
					<Setting Name="__SourceName">Handcrafted Zimaran Scroll of Skirmishing</Setting>
				</Set>
				<Set Name="10">
					<Setting Name="__SourceName">Plateaus Elixir of Tactics</Setting>
				</Set>
				<Set Name="11">
					<Setting Name="__SourceName">Plateaus Energy Inverter</Setting>
				</Set>
				<Set Name="12">
					<Setting Name="__SourceName">Plateaus Scroll of Aptitude</Setting>
				</Set>
				<Set Name="13">
					<Setting Name="__SourceName">Plateaus Scroll of Contempt</Setting>
				</Set>
				<Set Name="14">
					<Setting Name="__SourceName">Plateaus Scroll of Pugilism</Setting>
				</Set>
				<Set Name="15">
					<Setting Name="__SourceName">Plateaus Scroll of Skirmishing</Setting>
				</Set>
				<Set Name="16">
					<Setting Name="__SourceName">Scepter of Illumination</Setting>
				</Set>
				<Set Name="17">
					<Setting Name="__SourceName">Scepter of Shadows</Setting>
				</Set>
				<Set Name="18">
					<Setting Name="__SourceName">Tranquil Umbrite Orb</Setting>
				</Set>
				<Set Name="19">
					<Setting Name="__SourceName">_EQUIPPED_Head_03</Setting>
				</Set>
				<Set Name="20">
					<Setting Name="__SourceName">_EQUIPPED_Left Charm_21</Setting>
				</Set>
				<Set Name="21">
					<Setting Name="__SourceName">_EQUIPPED_Neck_14</Setting>
				</Set>
				<Set Name="22">
					<Setting Name="__SourceName">_EQUIPPED_Right Charm_22</Setting>
				</Set>
			</Set>
			<Set Name="AbilityResearch">
				<Set Name="1">
					<Setting Name="__SourceName">Malice XII</Setting>
					<Setting Name="Ancient">TRUE</Setting>
				</Set>
				<Set Name="2">
					<Setting Name="__SourceName">Lucan's Pact XI</Setting>
					<Setting Name="Ancient">TRUE</Setting>
				</Set>
				<Set Name="3">
					<Setting Name="__SourceName">Soulrend XI</Setting>
					<Setting Name="Ancient">TRUE</Setting>
				</Set>
				<Set Name="4">
					<Setting Name="__SourceName">Death March III</Setting>
					<Setting Name="Ancient">TRUE</Setting>
				</Set>
				<Set Name="5">
					<Setting Name="__SourceName">Devour Vitae X</Setting>
					<Setting Name="Ancient">TRUE</Setting>
				</Set>
				<Set Name="6">
					<Setting Name="__SourceName">Dreadful Wrath IX</Setting>
					<Setting Name="Ancient">TRUE</Setting>
				</Set>
				<Set Name="7">
					<Setting Name="__SourceName">Pledge of Armament X</Setting>
					<Setting Name="Ancient">TRUE</Setting>
				</Set>
				<Set Name="8">
					<Setting Name="__SourceName">Harm Touch X</Setting>
					<Setting Name="Ancient">TRUE</Setting>
				</Set>
				<Set Name="9">
					<Setting Name="__SourceName">Dark Blade XI</Setting>
					<Setting Name="Ancient">TRUE</Setting>
				</Set>
				<Set Name="10">
					<Setting Name="__SourceName">Painbringer XI</Setting>
					<Setting Name="Ancient">TRUE</Setting>
				</Set>
				<Set Name="11">
					<Setting Name="__SourceName">Insidious Whisper XII</Setting>
					<Setting Name="Ancient">TRUE</Setting>
				</Set>
			</Set>
			<Set Name="AbilityResearchSettings">
				<Setting Name="checkbox_abilityresearch_sort_name">FALSE</Setting>
			</Set>
			<Set Name="ConsumeItems">
				<Set Name="1">
					<Setting Name="__IsItem">TRUE</Setting>
					<Setting Name="__ItemName">Handcrafted Zimaran Scroll of Aptitude</Setting>
					<Setting Name="__SourceName">Item:Handcrafted Zimaran Scroll of Aptitude</Setting>
					<Setting Name="IC">TRUE</Setting>
				</Set>
				<Set Name="2">
					<Setting Name="__IsItem">TRUE</Setting>
					<Setting Name="__ItemName">Handcrafted Zimaran Scroll of Contempt</Setting>
					<Setting Name="__SourceName">Item:Handcrafted Zimaran Scroll of Contempt</Setting>
					<Setting Name="IC">TRUE</Setting>
				</Set>
				<Set Name="3">
					<Setting Name="__IsItem">TRUE</Setting>
					<Setting Name="__ItemName">Handcrafted Zimaran Scroll of Pugilism</Setting>
					<Setting Name="__SourceName">Item:Handcrafted Zimaran Scroll of Pugilism</Setting>
					<Setting Name="IC">TRUE</Setting>
				</Set>
				<Set Name="4">
					<Setting Name="__IsItem">TRUE</Setting>
					<Setting Name="__ItemName">Handcrafted Zimaran Scroll of Skirmishing</Setting>
					<Setting Name="__SourceName">Item:Handcrafted Zimaran Scroll of Skirmishing</Setting>
					<Setting Name="IC">TRUE</Setting>
				</Set>
				<Set Name="5">
					<Setting Name="__IsItem">TRUE</Setting>
					<Setting Name="__ItemName">Handcrafted Zimaran Elixir of Tactics</Setting>
					<Setting Name="__SourceName">Item:Handcrafted Zimaran Elixir of Tactics</Setting>
					<Setting Name="IC">TRUE</Setting>
				</Set>
			</Set>
			<Set Name="Tags_AddNew">
				<Set Name="1">
					<Setting Name="__SourceName">FBL</Setting>
				</Set>
				<Set Name="2">
					<Setting Name="__SourceName">CF</Setting>
				</Set>
				<Set Name="3">
					<Setting Name="__SourceName">Furor</Setting>
				</Set>
				<Set Name="4">
					<Setting Name="__SourceName">Reaper</Setting>
				</Set>
				<Set Name="5">
					<Setting Name="__SourceName">SlowSnap</Setting>
				</Set>
				<Set Name="6">
					<Setting Name="__SourceName">SlowTorment</Setting>
				</Set>
				<Set Name="7">
					<Setting Name="__SourceName">Invert</Setting>
				</Set>
				<Set Name="8">
					<Setting Name="__SourceName">ColKnow</Setting>
				</Set>
			</Set>
			<Set Name="Tags">
				<Set Name="1">
					<Setting Name="__SourceName">FBL</Setting>
					<Setting Name="I">TRUE</Setting>
					<Setting Name="Me">TRUE</Setting>
				</Set>
				<Set Name="2">
					<Setting Name="__SourceName">CF</Setting>
					<Setting Name="I">TRUE</Setting>
					<Setting Name="Me">TRUE</Setting>
				</Set>
				<Set Name="3">
					<Setting Name="+">27</Setting>
					<Setting Name="__SourceName">Furor</Setting>
					<Setting Name="I">TRUE</Setting>
					<Setting Name="Me">TRUE</Setting>
				</Set>
				<Set Name="4">
					<Setting Name="__SourceName">Reaper</Setting>
					<Setting Name="Dur">41</Setting>
					<Setting Name="I">TRUE</Setting>
					<Setting Name="Me">TRUE</Setting>
				</Set>
				<Set Name="5">
					<Setting Name="__SourceName">SlowSnap</Setting>
					<Setting Name="Dur">2</Setting>
					<Setting Name="I">TRUE</Setting>
					<Setting Name="Me">TRUE</Setting>
				</Set>
				<Set Name="6">
					<Setting Name="__SourceName">SlowTorment</Setting>
					<Setting Name="Dur">10</Setting>
					<Setting Name="H">TRUE</Setting>
					<Setting Name="I">TRUE</Setting>
					<Setting Name="Me">TRUE</Setting>
				</Set>
				<Set Name="7">
					<Setting Name="__SourceName">Invert</Setting>
					<Setting Name="I">TRUE</Setting>
					<Setting Name="Me">TRUE</Setting>
				</Set>
				<Set Name="8">
					<Setting Name="__SourceName">ColKnow</Setting>
					<Setting Name="H">TRUE</Setting>
					<Setting Name="I">TRUE</Setting>
					<Setting Name="Me">TRUE</Setting>
				</Set>
			</Set>
			<Set Name="ProfileParts">
				<Set Name="1">
					<Setting Name="__SourceName">Ascension</Setting>
					<Setting Name="File">All_Profile.xml</Setting>
				</Set>
				<Set Name="2">
					<Setting Name="__SourceName">ItemRotation</Setting>
					<Setting Name="File">All_Profile.xml</Setting>
				</Set>
				<Set Name="3">
					<Setting Name="__SourceName">Overseer</Setting>
					<Setting Name="File">All_Profile.xml</Setting>
				</Set>
				<Set Name="4">
					<Setting Name="__SourceName">OverseerBuyMissions</Setting>
					<Setting Name="File">All_Profile.xml</Setting>
				</Set>
				<Set Name="5">
					<Setting Name="__SourceName">PackPony</Setting>
					<Setting Name="File">All_Profile.xml</Setting>
				</Set>
				<Set Name="6">
					<Setting Name="__SourceName">Setup</Setting>
					<Setting Name="File">Tank_Profile.xml</Setting>
				</Set>
				<Set Name="7">
					<Setting Name="__SourceName">Settings</Setting>
					<Setting Name="File">Tank_Profile.xml</Setting>
				</Set>
				<Set Name="8">
					<Setting Name="__SourceName">Loot</Setting>
					<Setting Name="File">Tank_Profile.xml</Setting>
				</Set>
				<Set Name="9">
					<Setting Name="__SourceName">OSA</Setting>
					<Setting Name="File">Tank_Profile.xml</Setting>
				</Set>
				<Set Name="10">
					<Setting Name="__SourceName">HUDs</Setting>
					<Setting Name="File">Tank_Profile.xml</Setting>
				</Set>
				<Set Name="11">
					<Setting Name="__SourceName">Aliases</Setting>
					<Setting Name="File">All_Profile.xml</Setting>
				</Set>
			</Set>
			<Set Name="ProfilePartsSettings">
				<Setting Name="checkbox_profileparts_settings_enable">TRUE</Setting>
			</Set>
			<Set Name="HOExcludes">
				<Set Name="1">
					<Setting Name="__SourceName">Subtle Strikes</Setting>
				</Set>
				<Set Name="2">
					<Setting Name="__SourceName">Reckless Aide</Setting>
				</Set>
				<Set Name="3">
					<Setting Name="__SourceName">Rescue</Setting>
				</Set>
				<Set Name="4">
					<Setting Name="__SourceName">Intercept</Setting>
				</Set>
				<Set Name="5">
					<Setting Name="__SourceName">Mortal Embrace</Setting>
				</Set>
				<Set Name="6">
					<Setting Name="__SourceName">Shadowy Elusion</Setting>
				</Set>
			</Set>
			<Set Name="VampiricRequiem">
				<Set Name="1">
					<Setting Name="__SourceName">Lucan's Pact</Setting>
				</Set>
				<Set Name="2">
					<Setting Name="__SourceName">Unholy Strength</Setting>
				</Set>
				<Set Name="3">
					<Setting Name="__SourceName">Grim Harbinger</Setting>
				</Set>
				<Set Name="4">
					<Setting Name="__SourceName">Innoruuk's Caress</Setting>
				</Set>
				<Set Name="5">
					<Setting Name="__SourceName">Unholy Hunger</Setting>
				</Set>
				<Set Name="6">
					<Setting Name="__SourceName">Devious Evasion</Setting>
				</Set>
			</Set>
			<Set Name="VampiricRequiemOptions">
				<Setting Name="checkbox_vampiricrequiem_enable">TRUE</Setting>
			</Set>
		</Set>
		<Setting Name="DefaultProfiles">BoZ_Shadowknight</Setting>
	</Set>
</InnerSpaceSettings>
