﻿<?xml version='1.0' encoding='UTF-8'?>
<!-- Generated by LavishSettings v2 -->
<InnerSpaceSettings>
	<Set Name="Aliases">
		<Set Name="1">
			<Setting Name="__SourceName">*Mimic</Setting>
			<Setting Name="For">EditMe</Setting>
		</Set>
		<Set Name="2">
			<Setting Name="__SourceName">*Mimic</Setting>
			<Setting Name="For">EditMe</Setting>
		</Set>
		<Set Name="3">
			<Setting Name="__SourceName">*MT</Setting>
			<Setting Name="For">EditMe</Setting>
		</Set>
		<Set Name="4">
			<Setting Name="__SourceName">*MT</Setting>
			<Setting Name="For">EditMe</Setting>
		</Set>
		<Set Name="5">
			<Setting Name="__SourceName">*G1DPS1</Setting>
			<Setting Name="For">EditMe</Setting>
		</Set>
		<Set Name="6">
			<Setting Name="__SourceName">*G2DPS1</Setting>
			<Setting Name="For">EditMe</Setting>
		</Set>
		<Set Name="7">
			<Setting Name="__SourceName">*Instigate</Setting>
			<Setting Name="For">EditMe</Setting>
		</Set>
		<Set Name="8">
			<Setting Name="__SourceName">*Instigate</Setting>
			<Setting Name="For">EditMe</Setting>
		</Set>
		<Set Name="9">
			<Setting Name="__SourceName">*G1Enchanter</Setting>
			<Setting Name="For">EditMe</Setting>
		</Set>
		<Set Name="10">
			<Setting Name="__SourceName">*G2Enchanter</Setting>
			<Setting Name="For">EditMe</Setting>
		</Set>
		<Set Name="11">
			<Setting Name="__SourceName">*G1Tank</Setting>
			<Setting Name="For">EditMe</Setting>
		</Set>
		<Set Name="12">
			<Setting Name="__SourceName">*G2Tank</Setting>
			<Setting Name="For">EditMe</Setting>
		</Set>
	</Set>
	<Set Name="ItemRotation">
		<Set Name="1">
			<Setting Name="__IsItem">TRUE</Setting>
			<Setting Name="__ItemName">Scepter of Shadows</Setting>
			<Setting Name="__SourceName">Item:Scepter of Shadows</Setting>
			<Setting Name="Dur">15</Setting>
			<Setting Name="G">TRUE</Setting>
			<Setting Name="I">TRUE</Setting>
			<Setting Name="IRC">TRUE</Setting>
			<Setting Name="Me">TRUE</Setting>
		</Set>
		<Set Name="2">
			<Setting Name="__IsItem">TRUE</Setting>
			<Setting Name="__ItemName">Scepter of Illumination</Setting>
			<Setting Name="__SourceName">Item:Scepter of Illumination</Setting>
			<Setting Name="Dur">30</Setting>
			<Setting Name="I">TRUE</Setting>
		</Set>
		<Set Name="3">
			<Setting Name="__IsItem">TRUE</Setting>
			<Setting Name="__ItemName">Wyrm Cursed Star Darkened Amulet</Setting>
			<Setting Name="__SourceName">Item:Wyrm Cursed Star Darkened Amulet</Setting>
			<Setting Name="Dur">10</Setting>
			<Setting Name="G">TRUE</Setting>
			<Setting Name="I">TRUE</Setting>
		</Set>
	</Set>
	<Set Name="Ascension">
		<Setting Name="checkbox_ascension_etherflash_preventport">TRUE</Setting>
		<Setting Name="textentry_ascensionembargo_delaytime" />
		<Setting Name="textentry_ascensionembargo_embargotime" />
	</Set>
	<Set Name="Overseer">
		<Setting Name="checkbox_overseer_threaded">TRUE</Setting>
		<Setting Name="checkbox_overseer_skip_treasured_quests">TRUE</Setting>
		<Setting Name="checkbox_overseer_skip_legendary_quests">FALSE</Setting>
		<Setting Name="checkbox_overseer_skip_fabled_quests">FALSE</Setting>
	</Set>
	<Set Name="OverseerBuyMissions">
		<Setting Name="textentry_overseerbuymissions_amount_of_each_recipe_to_buy" />
		<Setting Name="textentry_overseerbuymissions_num_recipes_to_buy" />
	</Set>
	<Set Name="PackPony">
		<Setting Name="checkbox_packpony_enable">FALSE</Setting>
		<Setting Name="checkbox_packpony_conversation3_2">FALSE</Setting>
		<Setting Name="checkbox_packpony_conversation2_3">TRUE</Setting>
		<Setting Name="checkbox_packpony_conversation3_1">FALSE</Setting>
		<Setting Name="checkbox_packpony_conversation1_3">TRUE</Setting>
		<Setting Name="checkbox_packpony_conversation3_3">TRUE</Setting>
	</Set>
</InnerSpaceSettings>
