﻿<?xml version='1.0' encoding='UTF-8'?>
<!-- Generated by LavishSettings v2 -->
<InnerSpaceSettings>
	<Set Name="Settings">
		<Setting Name="checkbox_settings_buffs">TRUE</Setting>
		<Setting Name="checkbox_settings_combatarts">TRUE</Setting>
		<Setting Name="checkbox_settings_namedcombatarts">TRUE</Setting>
		<Setting Name="checkbox_settings_rangedattack">TRUE</Setting>
		<Setting Name="checkbox_settings_autoattacktiming">FALSE</Setting>
		<Setting Name="checkbox_settings_meleeattack">TRUE</Setting>
		<Setting Name="checkbox_settings_ignoretargettoattackhealthcheck">TRUE</Setting>
		<Setting Name="checkbox_settings_loot">TRUE</Setting>
		<Setting Name="checkbox_settings_acceptloot">TRUE</Setting>
		<Setting Name="checkbox_settings_acceptres">TRUE</Setting>
		<Setting Name="checkbox_settings_prioritytab">TRUE</Setting>
		<Setting Name="checkbox_settings_acceptinvites">TRUE</Setting>
		<Setting Name="checkbox_settings_enablealiases">TRUE</Setting>
		<Setting Name="checkbox_settings_enableogremcp">TRUE</Setting>
		<Setting Name="checkbox_settings_enableonscreenassistant">TRUE</Setting>
		<Setting Name="checkbox_settings_enableannouncetab">TRUE</Setting>
		<Setting Name="checkbox_settings_raidoptions">FALSE</Setting>
		<Setting Name="checkbox_settings_grindoptions">TRUE</Setting>
		<Setting Name="checkbox_settings_encountersmartnukes">TRUE</Setting>
		<Setting Name="checkbox_settings_aesmartnukes">TRUE</Setting>
		<Setting Name="checkbox_settings_autotargetwhenhated">TRUE</Setting>
		<Setting Name="checkbox_settings_mobpriestinfo">TRUE</Setting>
		<Setting Name="checkbox_settings_movetoarea">TRUE</Setting>
		<Setting Name="checkbox_settings_raidoptionslimited">FALSE</Setting>
		<Setting Name="checkbox_settings_ignoremovetoattackhealthcheck">FALSE</Setting>
		<Setting Name="checkbox_settings_facenpc">FALSE</Setting>
		<Setting Name="checkbox_settings_movemelee">FALSE</Setting>
		<Setting Name="checkbox_settings_acceptraidreadychecks">TRUE</Setting>
		<Setting Name="checkbox_settings_acceptdungeonfinderisready">TRUE</Setting>
		<Setting Name="checkbox_settings_assist">TRUE</Setting>
		<Setting Name="checkbox_settings_autofollow">FALSE</Setting>
		<Setting Name="checkbox_settings_doho">FALSE</Setting>
		<Setting Name="checkbox_settings_turnoffattack">TRUE</Setting>
		<Setting Name="checkbox_settings_forcenamedcatab">TRUE</Setting>
		<Setting Name="checkbox_settings_movebehind">FALSE</Setting>
		<Setting Name="checkbox_settings_enableitemsinabilitylists">TRUE</Setting>
		<Setting Name="checkbox_settings_cancelabilitiestogroupcure">FALSE</Setting>
		<Setting Name="checkbox_settings_crowdcontrol">FALSE</Setting>
		<Setting Name="checkbox_settings_moveinfront">FALSE</Setting>
		<Setting Name="checkbox_settings_disable_dbc_claim">TRUE</Setting>
		<Setting Name="checkbox_settings_res">TRUE</Setting>
		<Setting Name="checkbox_settings_dopowerheals">TRUE</Setting>
		<Setting Name="checkbox_settings_shards">TRUE</Setting>
		<Setting Name="checkbox_settings_manastone">FALSE</Setting>
		<Setting Name="checkbox_settings_chaintab">TRUE</Setting>
		<Setting Name="checkbox_settings_no_overseer">TRUE</Setting>
		<Setting Name="checkbox_settings_do_not_show_revision_history">TRUE</Setting>
		<Setting Name="checkbox_settings_summon_familiar">TRUE</Setting>
		<Setting Name="checkbox_settings_handle_hq_earring">FALSE</Setting>
		<Setting Name="checkbox_settings_donotsendpettoattack">FALSE</Setting>
		<Setting Name="checkbox_settings_disablemercsupport">TRUE</Setting>
		<Setting Name="checkbox_settings_disableabilitycollisionchecks">TRUE</Setting>
		<Setting Name="checkbox_settings_accept_zonein_confirmation">TRUE</Setting>
		<Setting Name="checkbox_settings_enable_chatevents">TRUE</Setting>
		<Setting Name="checkbox_settings_acceptnochoicerewards">TRUE</Setting>
		<Setting Name="checkbox_settings_consumeitems">TRUE</Setting>
		<Setting Name="checkbox_settings_enable_abilityrotate">TRUE</Setting>
		<Setting Name="checkbox_settings_dov_raid_debuff">TRUE</Setting>
		<Setting Name="checkbox_settings_dov_raid_debuff_allow_moving">TRUE</Setting>
		<Setting Name="checkbox_settings_disablecaststack_cure">FALSE</Setting>
		<Setting Name="checkbox_settings_enable_itemrotate">TRUE</Setting>
		<Setting Name="checkbox_settings_cancelinvisaftercombat">TRUE</Setting>
		<Setting Name="checkbox_settings_enable_tag_embargo">TRUE</Setting>
		<Setting Name="checkbox_settings_enable_tag_allow">TRUE</Setting>
		<Setting Name="checkbox_settings_ascension_embargo_and_combos">FALSE</Setting>
		<Setting Name="checkbox_settings_show_surge_messages">FALSE</Setting>
		<Setting Name="checkbox_settings_castwhilemoving">TRUE</Setting>
		<Setting Name="checkbox_settings_enablepetsindropdowns">TRUE</Setting>
		<Setting Name="checkbox_settings_globally_mute_abilityrotation">TRUE</Setting>
		<Setting Name="checkbox_settings_disablecaststack_res">FALSE</Setting>
		<Setting Name="checkbox_settings_ability_tracker">TRUE</Setting>
		<Setting Name="checkbox_settings_disablecaststack">FALSE</Setting>
		<Setting Name="checkbox_settings_ignorerangeoncas">TRUE</Setting>
		<Setting Name="checkbox_settings_autocomplete_ascensioncombos">FALSE</Setting>
		<Setting Name="checkbox_settings_enable_cd_t4_weapons">FALSE</Setting>
		<Setting Name="checkbox_settings_disablecaststack_items">FALSE</Setting>
		<Setting Name="checkbox_settings_ho_start">FALSE</Setting>
		<Setting Name="checkbox_settings_ho_starter">TRUE</Setting>
		<Setting Name="checkbox_settings_ho_wheel">TRUE</Setting>
		<Setting Name="checkbox_settings_disablecaststack_curecurse">FALSE</Setting>
		<Setting Name="checkbox_settings_nostuns">FALSE</Setting>
		<Setting Name="checkbox_settings_nodazes">FALSE</Setting>
		<Setting Name="checkbox_settings_nostifles">FALSE</Setting>
		<Setting Name="checkbox_settings_nointerrupts">FALSE</Setting>
		<Setting Name="checkbox_settings_nofears">FALSE</Setting>
		<Setting Name="checkbox_settings_nodispels">FALSE</Setting>
		<Setting Name="checkbox_settings_npc_cast_monitoring">TRUE</Setting>
		<Setting Name="checkbox_settings_disablecaststack_ca">FALSE</Setting>
		<Setting Name="checkbox_settings_disablecaststack_namedca">FALSE</Setting>
		<Setting Name="checkbox_settings_disablecaststack_nonnamedca">FALSE</Setting>
		<Setting Name="checkbox_settings_disablecaststack_debuff">FALSE</Setting>
		<Setting Name="checkbox_settings_disablecaststack_nameddebuff">FALSE</Setting>
		<Setting Name="checkbox_settings_enable_curepotions">FALSE</Setting>
		<Setting Name="checkbox_settings_curepotion_arcane">FALSE</Setting>
		<Setting Name="checkbox_settings_curepotion_elemental">FALSE</Setting>
		<Setting Name="checkbox_settings_curepotion_noxious">FALSE</Setting>
		<Setting Name="checkbox_settings_curepotion_trauma">FALSE</Setting>
	</Set>
	<Set Name="Setup">
		<Setting Name="textentry_setup_percenttoattack">99</Setting>
		<Setting Name="textentry_setup_moveintoattackrangehealthpercent">99</Setting>
		<Setting Name="textentry_setup_petpercenttoattack">97</Setting>
		<Setting Name="textentry_setup_powertousecas">5</Setting>
		<Setting Name="textentry_setup_healthtousecas">25</Setting>
		<Setting Name="textentry_setup_percenttousemanastone">10</Setting>
		<Setting Name="textentry_setup_percenttouseshards">10</Setting>
		<Setting Name="textentry_setup_reswaittimer">2</Setting>
		<Setting Name="checkbox_setup_broadcasttellstouplink">TRUE</Setting>
		<Setting Name="checkbox_setup_receivetellsfromuplink">TRUE</Setting>
		<Setting Name="textentry_setup_moveintomeleerangemaxdistance">20</Setting>
		<Setting Name="textentry_setup_autofollowmaxdistance">35</Setting>
		<Setting Name="checkbox_setup_playsoundonreceivetellsfromuplink">FALSE</Setting>
		<Setting Name="combobox_setup_autofollowname">@Tank</Setting>
		<Setting Name="checkbox_setup_broadcastguildtouplink">FALSE</Setting>
		<Setting Name="textentry_setup_pbaetargets">2</Setting>
		<Setting Name="textentry_setup_encountertargets">2</Setting>
		<Setting Name="textentry_setup_turbo" />
		<Setting Name="textentry_setup_spellrangeextender">0</Setting>
		<Setting Name="combobox_setup_shardcaster">Conj</Setting>
		<Setting Name="combobox_setup_heartcaster">Necro</Setting>
	</Set>
	<Set Name="Loot">
		<Setting Name="checkbox_loot_ffaaccept">FALSE</Setting>
		<Setting Name="checkbox_loot_lottoaccept">TRUE</Setting>
		<Setting Name="checkbox_loot_nbgaccept">FALSE</Setting>
		<Setting Name="checkbox_loot_confirmnotrade">TRUE</Setting>
		<Setting Name="checkbox_loot_ffalooteverything">TRUE</Setting>
		<Setting Name="checkbox_loot_lo_enable">TRUE</Setting>
		<Setting Name="checkbox_loot_lo_looteverything">TRUE</Setting>
		<Setting Name="checkbox_loot_lo_smartassign">TRUE</Setting>
		<Setting Name="checkbox_loot_lo_loottradables">TRUE</Setting>
		<Setting Name="checkbox_loot_lo_lootdistribution">FALSE</Setting>
	</Set>
	<Set Name="OSA">
		<Setting Name="slider_osa_radius">149</Setting>
		<Setting Name="textentry_osa_radius">149</Setting>
		<Setting Name="checkbox_osa_targetsonly">FALSE</Setting>
		<Setting Name="checkbox_osa_clipyaxis">FALSE</Setting>
	</Set>
	<Set Name="HUDs">
		<Setting Name="textentry_hud_group_updateinterval" />
		<Setting Name="textentry_hud_group_xpos" />
		<Setting Name="textentry_hud_group_ypos" />
		<Setting Name="textentry_hud_group_yposinc" />
		<Setting Name="textentry_hud_npc_updateinterval" />
		<Setting Name="textentry_hud_npc_xpos">1880</Setting>
		<Setting Name="textentry_hud_npc_ypos">330</Setting>
		<Setting Name="textentry_hud_pc_updateinterval" />
		<Setting Name="textentry_hud_pc_xpos">1880</Setting>
		<Setting Name="textentry_hud_pc_ypos">350</Setting>
		<Setting Name="textentry_hud_raid_updateinterval" />
		<Setting Name="textentry_hud_raid_xpos">688</Setting>
		<Setting Name="textentry_hud_raid_ypos">122</Setting>
		<Setting Name="textentry_hud_raid_yposinc">25</Setting>
		<Setting Name="textentry_hud_raidoptions_updateinterval" />
		<Setting Name="textentry_hud_raidoptions_xpos" />
		<Setting Name="textentry_hud_raidoptions_ypos" />
		<Setting Name="textentry_hud_raidoptions_yposinc" />
		<Setting Name="checkbox_hud_npc">TRUE</Setting>
		<Setting Name="checkbox_hud_pc">TRUE</Setting>
		<Setting Name="checkbox_hud_raid">TRUE</Setting>
		<Setting Name="checkbox_hud_raid_hide_name">TRUE</Setting>
		<Setting Name="checkbox_hud_pc_loud_alerts">FALSE</Setting>
		<Setting Name="checkbox_hud_pc_ding_alerts">FALSE</Setting>
		<Setting Name="checkbox_hud_group">FALSE</Setting>
	</Set>
</InnerSpaceSettings>
