﻿<?xml version='1.0' encoding='UTF-8'?>
<!-- Generated by LavishSettings v2 -->
<InnerSpaceSettings>
	<Set Name="Profiles">
		<Setting Name="DefaultProfiles">Jiimbo_ROK_Necro</Setting>
		<Set Name="Jiimbo_ROK_Necro">
			<Set Name="Settings">
				<Setting Name="checkbox_settings_buffs">TRUE</Setting>
				<Setting Name="checkbox_settings_combatarts">TRUE</Setting>
				<Setting Name="checkbox_settings_namedcombatarts">TRUE</Setting>
				<Setting Name="checkbox_settings_rangedattack">TRUE</Setting>
				<Setting Name="checkbox_settings_autoattacktiming">FALSE</Setting>
				<Setting Name="checkbox_settings_meleeattack">FALSE</Setting>
				<Setting Name="checkbox_settings_turnoffattack">TRUE</Setting>
				<Setting Name="checkbox_settings_res">TRUE</Setting>
				<Setting Name="checkbox_settings_acceptres">TRUE</Setting>
				<Setting Name="checkbox_settings_prioritytab">TRUE</Setting>
				<Setting Name="checkbox_settings_doho">FALSE</Setting>
				<Setting Name="checkbox_settings_acceptinvites">TRUE</Setting>
				<Setting Name="checkbox_settings_movetoarea">TRUE</Setting>
				<Setting Name="checkbox_settings_acceptloot">TRUE</Setting>
				<Setting Name="checkbox_settings_dopowerheals">TRUE</Setting>
				<Setting Name="checkbox_settings_autofollow">FALSE</Setting>
				<Setting Name="checkbox_settings_enableonscreenassistant">FALSE</Setting>
				<Setting Name="checkbox_settings_enablealiases">TRUE</Setting>
				<Setting Name="checkbox_settings_encountersmartnukes">TRUE</Setting>
				<Setting Name="checkbox_settings_aesmartnukes">TRUE</Setting>
				<Setting Name="checkbox_settings_assist">TRUE</Setting>
				<Setting Name="checkbox_settings_enableannouncetab">TRUE</Setting>
				<Setting Name="checkbox_settings_enablepetsindropdowns">FALSE</Setting>
				<Setting Name="checkbox_settings_raidoptionslimited">FALSE</Setting>
				<Setting Name="checkbox_settings_grindoptions">TRUE</Setting>
				<Setting Name="checkbox_settings_autotargetwhenhated">TRUE</Setting>
				<Setting Name="checkbox_settings_ignoretargettoattackhealthcheck">TRUE</Setting>
				<Setting Name="checkbox_settings_ignoremovetoattackhealthcheck">FALSE</Setting>
				<Setting Name="checkbox_settings_enableogremcp">FALSE</Setting>
				<Setting Name="checkbox_settings_raidoptions">TRUE</Setting>
				<Setting Name="checkbox_settings_acceptraidreadychecks">TRUE</Setting>
				<Setting Name="checkbox_settings_acceptdungeonfinderisready">TRUE</Setting>
				<Setting Name="checkbox_settings_facenpc">TRUE</Setting>
				<Setting Name="checkbox_settings_forcenamedcatab">FALSE</Setting>
				<Setting Name="checkbox_settings_shards">TRUE</Setting>
				<Setting Name="checkbox_settings_enable_abilityrotate">TRUE</Setting>
				<Setting Name="checkbox_settings_enable_tag_embargo">TRUE</Setting>
				<Setting Name="checkbox_settings_enable_tag_allow">TRUE</Setting>
				<Setting Name="checkbox_settings_enable_itemrotate">TRUE</Setting>
				<Setting Name="checkbox_settings_accept_zonein_confirmation">TRUE</Setting>
				<Setting Name="checkbox_settings_acceptnochoicerewards">TRUE</Setting>
				<Setting Name="checkbox_settings_disable_dbc_claim">TRUE</Setting>
				<Setting Name="checkbox_settings_consumeitems">TRUE</Setting>
				<Setting Name="checkbox_settings_enable_chatevents">TRUE</Setting>
				<Setting Name="checkbox_settings_enable_spawnevents">TRUE</Setting>
				<Setting Name="checkbox_settings_enable_despawnevents">TRUE</Setting>
				<Setting Name="checkbox_settings_castwhilemoving">TRUE</Setting>
				<Setting Name="checkbox_settings_npc_cast_monitoring">TRUE</Setting>
				<Setting Name="checkbox_settings_auto_use_temporary_mount_reduction">TRUE</Setting>
				<Setting Name="checkbox_settings_auto_use_temporary_research_reduction">TRUE</Setting>
				<Setting Name="checkbox_settings_auto_use_temporary_familiar_experience">TRUE</Setting>
				<Setting Name="checkbox_settings_no_overseer">FALSE</Setting>
				<Setting Name="checkbox_settings_globally_mute_abilityrotation">TRUE</Setting>
				<Setting Name="checkbox_settings_disablecaststack_buffs">FALSE</Setting>
				<Setting Name="checkbox_settings_cancelabilitiestogroupcure">TRUE</Setting>
				<Setting Name="checkbox_settings_disablecaststack_cure">FALSE</Setting>
				<Setting Name="checkbox_settings_disablecaststack_items">FALSE</Setting>
				<Setting Name="checkbox_settings_ability_tracker">TRUE</Setting>
				<Setting Name="checkbox_settings_autoshare_missions">TRUE</Setting>
			</Set>
			<Set Name="Setup">
				<Setting Name="textentry_setup_percenttoattack">99</Setting>
				<Setting Name="textentry_setup_moveintoattackrangehealthpercent">99</Setting>
				<Setting Name="textentry_setup_petpercenttoattack">99</Setting>
				<Setting Name="textentry_setup_powertousecas">1</Setting>
				<Setting Name="textentry_setup_healthtousecas">1</Setting>
				<Setting Name="textentry_setup_percenttousemanastone" />
				<Setting Name="textentry_setup_percenttouseshards">20</Setting>
				<Setting Name="textentry_setup_reswaittimer">5</Setting>
				<Setting Name="textentry_setup_spellrangeextender">5</Setting>
				<Setting Name="textentry_setup_moveintomeleerangemaxdistance">40</Setting>
				<Setting Name="textentry_setup_autofollowmaxdistance">35</Setting>
				<Setting Name="checkbox_setup_broadcasttellstouplink">TRUE</Setting>
				<Setting Name="combobox_setup_shardcaster">*Conj</Setting>
				<Setting Name="combobox_setup_heartcaster">*Necro</Setting>
				<Setting Name="combobox_setup_autofollowname">@Tank</Setting>
				<Setting Name="checkbox_setup_playsoundonreceivetellsfromuplink">FALSE</Setting>
				<Setting Name="checkbox_setup_receivetellsfromuplink">FALSE</Setting>
				<Setting Name="textentry_setup_pbaetargets">2</Setting>
				<Setting Name="textentry_setup_encountertargets">2</Setting>
				<Setting Name="textentry_setup_turbo">500</Setting>
			</Set>
			<Set Name="CastStack">
				<Set Name="1">
					<Setting Name="__Disabled">TRUE</Setting>
					<Setting Name="__SourceName">-------------------------------------------------------------------------------</Setting>
					<Setting Name="Type">Buff</Setting>
				</Set>
				<Set Name="2">
					<Setting Name="__SourceName">Revivication</Setting>
					<Setting Name="Target">@Group</Setting>
					<Setting Name="Type">Res</Setting>
				</Set>
				<Set Name="3">
					<Setting Name="__Disabled">TRUE</Setting>
					<Setting Name="__SourceName">-------------------------------------------------------------------------------</Setting>
					<Setting Name="Type">Buff</Setting>
				</Set>
				<Set Name="4">
					<Setting Name="__Disabled">TRUE</Setting>
					<Setting Name="__SourceName">Absorb Magic</Setting>
					<Setting Name="Type">NamedDebuff</Setting>
				</Set>
				<Set Name="5">
					<Setting Name="__Disabled">TRUE</Setting>
					<Setting Name="__SourceName">-------------------------------------------------------------------------------</Setting>
					<Setting Name="Type">Buff</Setting>
				</Set>
				<Set Name="6">
					<Setting Name="%">100</Setting>
					<Setting Name="__SourceName">Vampirism</Setting>
					<Setting Name="ATag">PreCastTag</Setting>
					<Setting Name="AType">Listen Only</Setting>
					<Setting Name="Target">@Group</Setting>
					<Setting Name="Type">Heal</Setting>
				</Set>
				<Set Name="7">
					<Setting Name="%">100</Setting>
					<Setting Name="__SourceName">Consumption</Setting>
					<Setting Name="ATag">PreCastTag</Setting>
					<Setting Name="AType">Listen Only</Setting>
					<Setting Name="Type">Heal</Setting>
				</Set>
				<Set Name="8">
					<Setting Name="__SourceName">----------------------------------------AE------------------------------------------------------------------------</Setting>
					<Setting Name="Type">CA</Setting>
				</Set>
				<Set Name="9">
					<Setting Name="#">2</Setting>
					<Setting Name="__SourceName">Bloodcloud</Setting>
					<Setting Name="Type">CA</Setting>
				</Set>
				<Set Name="10">
					<Setting Name="#">2</Setting>
					<Setting Name="__SourceName">Theurgist's Detonation</Setting>
					<Setting Name="Type">CA</Setting>
				</Set>
				<Set Name="11">
					<Setting Name="__SourceName">Shockwave</Setting>
					<Setting Name="Type">CA</Setting>
				</Set>
				<Set Name="12">
					<Setting Name="#">3</Setting>
					<Setting Name="__SourceName">Pandemic</Setting>
					<Setting Name="Type">CA</Setting>
				</Set>
				<Set Name="13">
					<Setting Name="__SourceName">----------------------------------Main-DPS----------------------------------------------------------------------------</Setting>
					<Setting Name="Type">CA</Setting>
				</Set>
				<Set Name="14">
					<Setting Name="__SourceName">Shadowstep</Setting>
					<Setting Name="Type">CA</Setting>
				</Set>
				<Set Name="15">
					<Setting Name="__SourceName">Consumption</Setting>
					<Setting Name="Type">CA</Setting>
				</Set>
				<Set Name="16">
					<Setting Name="__SourceName">Mortality Mark</Setting>
					<Setting Name="Type">CA</Setting>
				</Set>
				<Set Name="17">
					<Setting Name="__SourceName">Soulrot</Setting>
					<Setting Name="ID">TRUE</Setting>
					<Setting Name="Type">CA</Setting>
				</Set>
				<Set Name="18">
					<Setting Name="__SourceName">Bloodcoil</Setting>
					<Setting Name="ID">TRUE</Setting>
					<Setting Name="Type">CA</Setting>
				</Set>
				<Set Name="19">
					<Setting Name="#">1</Setting>
					<Setting Name="__SourceName">Awaken Grave</Setting>
					<Setting Name="IAE">TRUE</Setting>
					<Setting Name="ID">TRUE</Setting>
					<Setting Name="Type">CA</Setting>
				</Set>
				<Set Name="20">
					<Setting Name="__SourceName">Lifeburn</Setting>
					<Setting Name="ATag">bolster</Setting>
					<Setting Name="AType">Listen Only</Setting>
					<Setting Name="Type">NamedCA</Setting>
				</Set>
				<Set Name="21">
					<Setting Name="__SourceName">Blighted Horde</Setting>
					<Setting Name="ID">TRUE</Setting>
					<Setting Name="Type">CA</Setting>
				</Set>
				<Set Name="22">
					<Setting Name="#">1</Setting>
					<Setting Name="__SourceName">Undead Horde</Setting>
					<Setting Name="ID">TRUE</Setting>
					<Setting Name="IE">TRUE</Setting>
					<Setting Name="Type">NamedCA</Setting>
				</Set>
				<Set Name="23">
					<Setting Name="__SourceName">Lifetap</Setting>
					<Setting Name="Type">CA</Setting>
				</Set>
				<Set Name="24">
					<Setting Name="__SourceName">---------------------------------------Filler-----------------------------------------------------------</Setting>
					<Setting Name="Type">CA</Setting>
				</Set>
				<Set Name="25">
					<Setting Name="__SourceName">Siphoning of Souls</Setting>
					<Setting Name="Type">CA</Setting>
				</Set>
				<Set Name="26">
					<Setting Name="__SourceName">---------------------------------------Buffs-------------------------------------------------------------</Setting>
					<Setting Name="Type">CA</Setting>
				</Set>
				<Set Name="27">
					<Setting Name="__SourceName">Cabalistic Conservation</Setting>
					<Setting Name="Type">Buff</Setting>
				</Set>
				<Set Name="28">
					<Setting Name="__SourceName">Howl of the Damned</Setting>
					<Setting Name="Type">Buff</Setting>
				</Set>
				<Set Name="29">
					<Setting Name="__SourceName">Lich</Setting>
					<Setting Name="Type">Buff</Setting>
				</Set>
				<Set Name="30">
					<Setting Name="__SourceName">Magi's Shielding</Setting>
					<Setting Name="Type">Buff</Setting>
				</Set>
				<Set Name="31">
					<Setting Name="__SourceName">Necromantic Pact</Setting>
					<Setting Name="Type">Buff</Setting>
				</Set>
				<Set Name="32">
					<Setting Name="__SourceName">Nightshade</Setting>
					<Setting Name="Type">Buff</Setting>
					<Setting Name="__Disabled">TRUE</Setting>
				</Set>
				<Set Name="33">
					<Setting Name="__SourceName">Rending</Setting>
					<Setting Name="Type">Buff</Setting>
				</Set>
				<Set Name="34">
					<Setting Name="__SourceName">Unholy Covenant</Setting>
					<Setting Name="Type">Buff</Setting>
				</Set>
				<Set Name="35">
					<Setting Name="__SourceName">Teachings of the Underworld</Setting>
					<Setting Name="Type">Buff</Setting>
				</Set>
				<Set Name="36">
					<Setting Name="__SourceName">Secrets of Vazaelle</Setting>
					<Setting Name="Type">Buff</Setting>
				</Set>
				<Set Name="37">
					<Setting Name="__SourceName">Summon: Minion of Hate</Setting>
					<Setting Name="Type">Buff</Setting>
				</Set>
			</Set>
			<Set Name="Assist">
				<Set Name="1">
					<Setting Name="__SourceName">@Tank</Setting>
				</Set>
			</Set>
			<Set Name="Precast">
				<Set Name="1">
					<Setting Name="__SourceName">Unstoppable Soul</Setting>
					<Setting Name="On">Lifeburn</Setting>
				</Set>
			</Set>
			<Set Name="Postcast">
				<Set Name="1">
					<Setting Name="__SourceName">Lifeburn</Setting>
					<Setting Name="After">Unstoppable Soul</Setting>
				</Set>
			</Set>
			<Set Name="Loot">
				<Setting Name="checkbox_loot_confirmnotrade">TRUE</Setting>
				<Setting Name="checkbox_loot_ffaaccept">TRUE</Setting>
				<Setting Name="checkbox_loot_lottoaccept">TRUE</Setting>
				<Setting Name="checkbox_loot_nbgaccept">TRUE</Setting>
				<Setting Name="checkbox_loot_unpackwarrunes">TRUE</Setting>
				<Setting Name="checkbox_loot_noiseonexquisitechest">FALSE</Setting>
			</Set>
			<Set Name="OSA">
				<Setting Name="slider_osa_radius">149</Setting>
				<Setting Name="textentry_osa_radius">149</Setting>
				<Setting Name="checkbox_osa_targetsonly">TRUE</Setting>
				<Setting Name="checkbox_osa_clipyaxis">TRUE</Setting>
			</Set>
			<Set Name="Announce">
				<Set Name="1">
					<Setting Name="__SourceName">Lifeburn</Setting>
					<Setting Name="Target">Raid</Setting>
					<Setting Name="Txt">Lifeburn!</Setting>
				</Set>
				<Set Name="2">
					<Setting Name="__SourceName">Miragul's Dark Heart Summoning</Setting>
					<Setting Name="Target">Raid</Setting>
					<Setting Name="Txt">Dark Hearts for everyone!</Setting>
				</Set>
				<Set Name="3">
					<Setting Name="__SourceName">Miragul's Dark Heart Summoning</Setting>
					<Setting Name="Target">Group</Setting>
					<Setting Name="Txt">Dark Hearts for everyone!</Setting>
				</Set>
				<Set Name="4">
					<Setting Name="__SourceName">Elemental Toxicity</Setting>
					<Setting Name="Target">Group</Setting>
					<Setting Name="Txt">Elemental Toxicity!</Setting>
				</Set>
			</Set>
			<Set Name="AutoHunt">
				<Setting Name="checkbox_autohunt_checkaggro">TRUE</Setting>
				<Setting Name="combobox_autohunt_pullspell1">Soulrot</Setting>
				<Setting Name="checkbox_autohunt_pullspell1">TRUE</Setting>
			</Set>
			<Set Name="Other">
				<Setting Name="checkbox_other_rezanyone">TRUE</Setting>
				<Setting Name="checkbox_other_requestconfrontfearviaraid">FALSE</Setting>
				<Setting Name="textentry_other_requestconfrontfearviaraid">sick cure</Setting>
				<Setting Name="checkbox_other_requestconfrontfearviauplink">TRUE</Setting>
				<Setting Name="checkbox_other_curabledisable">FALSE</Setting>
			</Set>
			<Set Name="Debug">
				<Setting Name="checkbox_debug_casting">FALSE</Setting>
				<Setting Name="checkbox_debug_castingextras">FALSE</Setting>
				<Setting Name="checkbox_debug_castingdetails">FALSE</Setting>
			</Set>
			<Set Name="Necromancer">
				<Setting Name="checkbox_necromancer_dimstorage">TRUE</Setting>
			</Set>
			<Set Name="AutoTarget">
				<Setting Name="slider_autotarget_scanheight">50</Setting>
				<Setting Name="slider_autotarget_scanradius">100</Setting>
				<Setting Name="slider_autotarget_rescantime">1</Setting>
			</Set>
			<Set Name="Items">
				<Set Name="1">
					<Setting Name="__SourceName">Bogstrutter Walking Stick</Setting>
				</Set>
				<Set Name="2">
					<Setting Name="__SourceName">Dark Heart (Master)</Setting>
				</Set>
				<Set Name="3">
					<Setting Name="__SourceName">Shard of Essence (Master)</Setting>
				</Set>
				<Set Name="4">
					<Setting Name="__SourceName">_ADORN_Critical Thinking</Setting>
				</Set>
				<Set Name="5">
					<Setting Name="__SourceName">_EQUIPPED_Head_03</Setting>
				</Set>
			</Set>
			<Set Name="Overseer">
				<Setting Name="checkbox_overseer_threaded">TRUE</Setting>
				<Setting Name="checkbox_overseer_no_overseer">TRUE</Setting>
			</Set>
			<Set Name="Tags_AddNew">
				<Set Name="1">
					<Setting Name="__SourceName">bolster</Setting>
				</Set>
				<Set Name="2">
					<Setting Name="__SourceName">PreCastTag</Setting>
				</Set>
			</Set>
			<Set Name="Tags">
				<Set Name="1">
					<Setting Name="__SourceName">bolster</Setting>
					<Setting Name="G">TRUE</Setting>
					<Setting Name="I">TRUE</Setting>
				</Set>
				<Set Name="2">
					<Setting Name="__SourceName">PreCastTag</Setting>
					<Setting Name="Dur">10</Setting>
					<Setting Name="I">TRUE</Setting>
					<Setting Name="Me">TRUE</Setting>
				</Set>
			</Set>
		</Set>
	</Set>
</InnerSpaceSettings>
