﻿<?xml version='1.0' encoding='UTF-8'?>
<!-- Generated by LavishSettings v2 -->
<InnerSpaceSettings>
	<Set Name="Profiles">
		<Set Name="BoZ_Coercer">
			<Set Name="CastStack">
				<Set Name="1">
					<Setting Name="__IsItem">TRUE</Setting>
					<Setting Name="__ItemName">Plateaus Energy Inverter</Setting>
					<Setting Name="__SourceName">Item:Plateaus Energy Inverter</Setting>
					<Setting Name="ATag">Invert</Setting>
					<Setting Name="AType">Listen Only</Setting>
					<Setting Name="Type">CA</Setting>
				</Set>
				<Set Name="2">
					<Setting Name="__IsItem">TRUE</Setting>
					<Setting Name="__ItemName">_EQUIPPED_Neck_14</Setting>
					<Setting Name="__SourceName">Item:_EQUIPPED_Neck_14</Setting>
					<Setting Name="ATag">ColKnow</Setting>
					<Setting Name="AType">Listen Only</Setting>
					<Setting Name="RIE">TRUE</Setting>
					<Setting Name="Type">CA</Setting>
				</Set>
				<Set Name="3">
					<Setting Name="__Disabled">TRUE</Setting>
					<Setting Name="__IsItem">TRUE</Setting>
					<Setting Name="__ItemName">_EQUIPPED_Head_03</Setting>
					<Setting Name="__SourceName">Item:_EQUIPPED_Head_03</Setting>
					<Setting Name="ETag">SlowTorment</Setting>
					<Setting Name="HP&gt;">90</Setting>
					<Setting Name="RIE">TRUE</Setting>
					<Setting Name="Type">NamedCA</Setting>
				</Set>
				<Set Name="4">
					<Setting Name="%">100</Setting>
					<Setting Name="__SourceName">Lethal Focus</Setting>
					<Setting Name="ATag">PreCastTag</Setting>
					<Setting Name="AType">Listen Only</Setting>
					<Setting Name="Target">@DPS1</Setting>
					<Setting Name="Type">Heal</Setting>
				</Set>
				<Set Name="5">
					<Setting Name="#">1</Setting>
					<Setting Name="%">100</Setting>
					<Setting Name="__SourceName">Aura of Power</Setting>
					<Setting Name="ATag">PreCastTag</Setting>
					<Setting Name="AType">Listen Only</Setting>
					<Setting Name="Target">@Tank</Setting>
					<Setting Name="Type">Heal</Setting>
				</Set>
				<Set Name="6">
					<Setting Name="%">100</Setting>
					<Setting Name="__SourceName">Touch of Magic</Setting>
					<Setting Name="ATag">PreCastTag</Setting>
					<Setting Name="AType">Listen Only</Setting>
					<Setting Name="Type">Heal</Setting>
				</Set>
				<Set Name="7">
					<Setting Name="#">1</Setting>
					<Setting Name="%">100</Setting>
					<Setting Name="__SourceName">Intellectual Remedy</Setting>
					<Setting Name="ATag">PreCastTag</Setting>
					<Setting Name="AType">Listen Only</Setting>
					<Setting Name="Target">@Me</Setting>
					<Setting Name="Type">Heal</Setting>
				</Set>
				<Set Name="8">
					<Setting Name="%">100</Setting>
					<Setting Name="__SourceName">Mastermind</Setting>
					<Setting Name="ATag">PreCastTag</Setting>
					<Setting Name="AType">Listen Only</Setting>
					<Setting Name="Type">Heal</Setting>
				</Set>
				<Set Name="9">
					<Setting Name="__SourceName">------------------------------------------------------------------------------</Setting>
					<Setting Name="Type">Buff</Setting>
				</Set>
				<Set Name="10">
					<Setting Name="__Disabled">TRUE</Setting>
					<Setting Name="__IsItem">TRUE</Setting>
					<Setting Name="__ItemName">_EQUIPPED_Left Charm_21</Setting>
					<Setting Name="__SourceName">Item:_EQUIPPED_Left Charm_21</Setting>
					<Setting Name="RIE">TRUE</Setting>
					<Setting Name="Type">Buff</Setting>
				</Set>
				<Set Name="11">
					<Setting Name="__IsItem">TRUE</Setting>
					<Setting Name="__ItemName">_EQUIPPED_Right Charm_22</Setting>
					<Setting Name="__SourceName">Item:_EQUIPPED_Right Charm_22</Setting>
					<Setting Name="RIE">TRUE</Setting>
					<Setting Name="Type">Buff</Setting>
				</Set>
				<Set Name="12">
					<Setting Name="__Disabled">TRUE</Setting>
					<Setting Name="__IsItem">TRUE</Setting>
					<Setting Name="__ItemName">Wyrm Cursed Star Darkened Amulet</Setting>
					<Setting Name="__SourceName">Item:Wyrm Cursed Star Darkened Amulet</Setting>
					<Setting Name="N_HP&lt;">100</Setting>
					<Setting Name="RIE">TRUE</Setting>
					<Setting Name="Type">CA</Setting>
				</Set>
				<Set Name="13">
					<Setting Name="__Disabled">TRUE</Setting>
					<Setting Name="__SourceName">Spellblade's Counter</Setting>
					<Setting Name="Tag">InterruptMode</Setting>
					<Setting Name="Type">CA</Setting>
				</Set>
				<Set Name="14">
					<Setting Name="__Disabled">TRUE</Setting>
					<Setting Name="__SourceName">Hemorrhage</Setting>
					<Setting Name="Tag">InterruptMode</Setting>
					<Setting Name="Type">CA</Setting>
				</Set>
				<Set Name="15">
					<Setting Name="__Disabled">TRUE</Setting>
					<Setting Name="__SourceName">Cure Magic</Setting>
					<Setting Name="Tag">Cure</Setting>
					<Setting Name="Target">@Me</Setting>
					<Setting Name="Type">Cure</Setting>
				</Set>
				<Set Name="16">
					<Setting Name="__Disabled">TRUE</Setting>
					<Setting Name="__IsItem">TRUE</Setting>
					<Setting Name="__ItemName">Forlorn Cure Arcane</Setting>
					<Setting Name="__SourceName">Item:Forlorn Cure Arcane</Setting>
					<Setting Name="Tag">CurePot</Setting>
					<Setting Name="Type">Cure</Setting>
				</Set>
				<Set Name="17">
					<Setting Name="__Disabled">TRUE</Setting>
					<Setting Name="__IsItem">TRUE</Setting>
					<Setting Name="__ItemName">Forlorn Cure Elemental</Setting>
					<Setting Name="__SourceName">Item:Forlorn Cure Elemental</Setting>
					<Setting Name="Tag">CurePot</Setting>
					<Setting Name="Type">Cure</Setting>
				</Set>
				<Set Name="18">
					<Setting Name="__Disabled">TRUE</Setting>
					<Setting Name="__IsItem">TRUE</Setting>
					<Setting Name="__ItemName">Forlorn Cure Noxious</Setting>
					<Setting Name="__SourceName">Item:Forlorn Cure Noxious</Setting>
					<Setting Name="Tag">CurePot</Setting>
					<Setting Name="Type">Cure</Setting>
				</Set>
				<Set Name="19">
					<Setting Name="__Disabled">TRUE</Setting>
					<Setting Name="__IsItem">TRUE</Setting>
					<Setting Name="__ItemName">Forlorn Cure Trauma</Setting>
					<Setting Name="__SourceName">Item:Forlorn Cure Trauma</Setting>
					<Setting Name="Tag">CurePot</Setting>
					<Setting Name="Type">Cure</Setting>
				</Set>
				<Set Name="20">
					<Setting Name="__Disabled">TRUE</Setting>
					<Setting Name="__SourceName">Cure Magic</Setting>
					<Setting Name="Tag">MageCure</Setting>
					<Setting Name="Target">@Raid</Setting>
					<Setting Name="Type">Cure</Setting>
				</Set>
				<Set Name="21">
					<Setting Name="#">2</Setting>
					<Setting Name="__SourceName">Salve</Setting>
					<Setting Name="Tag">Cure</Setting>
					<Setting Name="Type">Cure</Setting>
				</Set>
				<Set Name="22">
					<Setting Name="__SourceName">------------------------------------------------------------------------------</Setting>
					<Setting Name="Type">Buff</Setting>
				</Set>
				<Set Name="23">
					<Setting Name="__SourceName">Sever Hate</Setting>
					<Setting Name="ATag">PrimalTemps</Setting>
					<Setting Name="AType">Listen Only</Setting>
					<Setting Name="Target">*Mimic</Setting>
					<Setting Name="Type">Combat</Setting>
				</Set>
				<Set Name="24">
					<Setting Name="__SourceName">Temporal Mimicry</Setting>
					<Setting Name="ATag">PrimalTemps</Setting>
					<Setting Name="AType">Listen Only</Setting>
					<Setting Name="Target">*Mimic</Setting>
					<Setting Name="Type">Combat</Setting>
				</Set>
				<Set Name="25">
					<Setting Name="__SourceName">Puppetmaster</Setting>
					<Setting Name="Type">NamedCA</Setting>
				</Set>
				<Set Name="26">
					<Setting Name="__SourceName">Absorb Magic</Setting>
					<Setting Name="Type">NamedCA</Setting>
				</Set>
				<Set Name="27">
					<Setting Name="#">2</Setting>
					<Setting Name="__SourceName">Unda Arcanus Spiritus</Setting>
					<Setting Name="Type">CA</Setting>
				</Set>
				<Set Name="28">
					<Setting Name="__Disabled">TRUE</Setting>
					<Setting Name="__SourceName">Shift Mana</Setting>
					<Setting Name="ID">TRUE</Setting>
					<Setting Name="Target">@Me</Setting>
					<Setting Name="Type">Combat</Setting>
				</Set>
				<Set Name="29">
					<Setting Name="__Disabled">TRUE</Setting>
					<Setting Name="__SourceName">Medusa Gaze</Setting>
					<Setting Name="Type">NamedCA</Setting>
				</Set>
				<Set Name="30">
					<Setting Name="#">1</Setting>
					<Setting Name="__Disabled">TRUE</Setting>
					<Setting Name="__SourceName">Stupefy</Setting>
					<Setting Name="Type">NamedCA</Setting>
				</Set>
				<Set Name="31">
					<Setting Name="__SourceName">Cannibalize Thoughts</Setting>
					<Setting Name="ID">TRUE</Setting>
					<Setting Name="Tag">MaxMana</Setting>
					<Setting Name="Type">CA</Setting>
				</Set>
				<Set Name="32">
					<Setting Name="__SourceName">Cure Magic</Setting>
					<Setting Name="Tag">Cure</Setting>
					<Setting Name="Target">@Healer2</Setting>
					<Setting Name="Type">Cure</Setting>
				</Set>
				<Set Name="33">
					<Setting Name="__Disabled">TRUE</Setting>
					<Setting Name="__SourceName">Mana Flow</Setting>
					<Setting Name="Target">@Healer1</Setting>
					<Setting Name="Type">Combat</Setting>
				</Set>
				<Set Name="34">
					<Setting Name="__SourceName">Mana Flow</Setting>
					<Setting Name="Target">@Tank</Setting>
					<Setting Name="Type">Combat</Setting>
				</Set>
				<Set Name="35">
					<Setting Name="#">1</Setting>
					<Setting Name="%">50</Setting>
					<Setting Name="__SourceName">Channel</Setting>
					<Setting Name="Target">@Group</Setting>
					<Setting Name="Type">PowerHeal</Setting>
				</Set>
				<Set Name="36">
					<Setting Name="__SourceName">------------------------------------------------------------------------------</Setting>
					<Setting Name="Type">Buff</Setting>
				</Set>
				<Set Name="37">
					<Setting Name="__SourceName">Scaled Protection</Setting>
					<Setting Name="Type">Buff</Setting>
				</Set>
				<Set Name="38">
					<Setting Name="__SourceName">Possess Essence</Setting>
					<Setting Name="Type">UseCoercerTab</Setting>
				</Set>
				<Set Name="39">
					<Setting Name="__SourceName">Siren's Stare</Setting>
					<Setting Name="Target">@Tank</Setting>
					<Setting Name="Type">Buff</Setting>
				</Set>
				<Set Name="40">
					<Setting Name="__SourceName">Enchanted Vigor</Setting>
					<Setting Name="Target">@DPS2</Setting>
					<Setting Name="Type">Buff</Setting>
				</Set>
				<Set Name="41">
					<Setting Name="__SourceName">Enchanted Vigor</Setting>
					<Setting Name="Target">@DPS1</Setting>
					<Setting Name="Type">Buff</Setting>
				</Set>
				<Set Name="42">
					<Setting Name="__SourceName">Enraging Demeanor</Setting>
					<Setting Name="Target">@Tank</Setting>
					<Setting Name="Type">Buff</Setting>
				</Set>
				<Set Name="43">
					<Setting Name="__SourceName">Velocity</Setting>
					<Setting Name="Type">Buff</Setting>
				</Set>
				<Set Name="44">
					<Setting Name="__SourceName">Peaceful Link</Setting>
					<Setting Name="Type">Buff</Setting>
				</Set>
				<Set Name="45">
					<Setting Name="__SourceName">Coercive Healing</Setting>
					<Setting Name="Type">Buff</Setting>
				</Set>
				<Set Name="46">
					<Setting Name="__SourceName">Recapture</Setting>
					<Setting Name="Target">@DPS1</Setting>
					<Setting Name="Type">Buff</Setting>
				</Set>
				<Set Name="47">
					<Setting Name="__SourceName">------------------------------------------------------------------------------</Setting>
					<Setting Name="Type">Buff</Setting>
				</Set>
				<Set Name="48">
					<Setting Name="__SourceName">Manaward</Setting>
					<Setting Name="Target">@DPS1</Setting>
					<Setting Name="Type">Combat</Setting>
				</Set>
				<Set Name="49">
					<Setting Name="__Disabled">TRUE</Setting>
					<Setting Name="__SourceName">Manaward</Setting>
					<Setting Name="Target">@DPS1</Setting>
					<Setting Name="Type">Combat</Setting>
				</Set>
				<Set Name="50">
					<Setting Name="__Disabled">TRUE</Setting>
					<Setting Name="__SourceName">Sever Hate</Setting>
					<Setting Name="Named">TRUE</Setting>
					<Setting Name="Target">*Mimic</Setting>
					<Setting Name="Type">Combat</Setting>
				</Set>
				<Set Name="51">
					<Setting Name="__SourceName">Mind Control</Setting>
					<Setting Name="Target">*Mimic</Setting>
					<Setting Name="Type">Combat</Setting>
				</Set>
				<Set Name="52">
					<Setting Name="__SourceName">Daydream</Setting>
					<Setting Name="Type">CA</Setting>
				</Set>
				<Set Name="53">
					<Setting Name="#">1</Setting>
					<Setting Name="__SourceName">Unda Arcanus Spiritus</Setting>
					<Setting Name="Type">CA</Setting>
				</Set>
				<Set Name="54">
					<Setting Name="__SourceName">Lethal Focus</Setting>
					<Setting Name="Target">@DPS1</Setting>
					<Setting Name="Type">Combat</Setting>
				</Set>
				<Set Name="55">
					<Setting Name="#">4</Setting>
					<Setting Name="__Disabled">TRUE</Setting>
					<Setting Name="__SourceName">Implosion</Setting>
					<Setting Name="Tag">AscensionStarter</Setting>
					<Setting Name="Type">NamedCA</Setting>
				</Set>
				<Set Name="56">
					<Setting Name="#">4</Setting>
					<Setting Name="__SourceName">Blinding Shock</Setting>
					<Setting Name="Type">CA</Setting>
				</Set>
				<Set Name="57">
					<Setting Name="__SourceName">Hostage</Setting>
					<Setting Name="Type">CA</Setting>
				</Set>
				<Set Name="58">
					<Setting Name="__SourceName">Mastermind</Setting>
					<Setting Name="Named">TRUE</Setting>
					<Setting Name="Type">Combat</Setting>
				</Set>
				<Set Name="59">
					<Setting Name="#">3</Setting>
					<Setting Name="__Disabled">TRUE</Setting>
					<Setting Name="__SourceName">Implosion</Setting>
					<Setting Name="Tag">AscensionStarter</Setting>
					<Setting Name="Type">NamedCA</Setting>
				</Set>
				<Set Name="60">
					<Setting Name="#">3</Setting>
					<Setting Name="__SourceName">Blinding Shock</Setting>
					<Setting Name="Type">CA</Setting>
				</Set>
				<Set Name="61">
					<Setting Name="#">1</Setting>
					<Setting Name="__SourceName">Id Explosion</Setting>
					<Setting Name="Type">NamedCA</Setting>
				</Set>
				<Set Name="62">
					<Setting Name="#">1</Setting>
					<Setting Name="__SourceName">Spell Curse</Setting>
					<Setting Name="Type">CA</Setting>
				</Set>
				<Set Name="63">
					<Setting Name="__SourceName">Aura Of Power</Setting>
					<Setting Name="Named">TRUE</Setting>
					<Setting Name="Target">@Tank</Setting>
					<Setting Name="Type">Combat</Setting>
				</Set>
				<Set Name="64">
					<Setting Name="__SourceName">Counterblade</Setting>
					<Setting Name="ID">TRUE</Setting>
					<Setting Name="Type">CA</Setting>
				</Set>
				<Set Name="65">
					<Setting Name="__Disabled">TRUE</Setting>
					<Setting Name="__SourceName">Mana Schism</Setting>
					<Setting Name="Tag">Ascension</Setting>
					<Setting Name="Type">NamedCA</Setting>
				</Set>
				<Set Name="66">
					<Setting Name="#">2</Setting>
					<Setting Name="__Disabled">TRUE</Setting>
					<Setting Name="__SourceName">Implosion</Setting>
					<Setting Name="Tag">AscensionStarter</Setting>
					<Setting Name="Type">NamedCA</Setting>
				</Set>
				<Set Name="67">
					<Setting Name="#">2</Setting>
					<Setting Name="__SourceName">Blinding Shock</Setting>
					<Setting Name="Type">CA</Setting>
				</Set>
				<Set Name="68">
					<Setting Name="__SourceName">Ether Balance</Setting>
					<Setting Name="Target">@Me</Setting>
					<Setting Name="Type">Combat</Setting>
				</Set>
				<Set Name="69">
					<Setting Name="__SourceName">Psychic Trauma</Setting>
					<Setting Name="Type">CA</Setting>
				</Set>
				<Set Name="70">
					<Setting Name="__SourceName">Cure Magic</Setting>
					<Setting Name="Tag">Cure</Setting>
					<Setting Name="Target">@Me</Setting>
					<Setting Name="Type">Cure</Setting>
				</Set>
				<Set Name="71">
					<Setting Name="__SourceName">Peace of Mind</Setting>
					<Setting Name="Target">@Me</Setting>
					<Setting Name="Type">Combat</Setting>
				</Set>
				<Set Name="72">
					<Setting Name="__SourceName">Mana Cloak</Setting>
					<Setting Name="Target">@Tank</Setting>
					<Setting Name="Type">Combat</Setting>
				</Set>
				<Set Name="73">
					<Setting Name="__SourceName">Asylum</Setting>
					<Setting Name="Type">CA</Setting>
				</Set>
				<Set Name="74">
					<Setting Name="__SourceName">Obliterated Psyche</Setting>
					<Setting Name="Type">NamedCA</Setting>
				</Set>
				<Set Name="75">
					<Setting Name="__SourceName">Tashiana</Setting>
					<Setting Name="Type">NamedCA</Setting>
				</Set>
				<Set Name="76">
					<Setting Name="__Disabled">TRUE</Setting>
					<Setting Name="__SourceName">Feedback Loop</Setting>
					<Setting Name="ATag">FastCast</Setting>
					<Setting Name="AType">Trigger Only</Setting>
					<Setting Name="Tag">Ascension</Setting>
					<Setting Name="Type">NamedCA</Setting>
				</Set>
				<Set Name="77">
					<Setting Name="__SourceName">Destructive Mind</Setting>
					<Setting Name="Target">@DPS1</Setting>
					<Setting Name="Type">Combat</Setting>
				</Set>
				<Set Name="78">
					<Setting Name="__SourceName">Destructive Mind</Setting>
					<Setting Name="Target">@Me</Setting>
					<Setting Name="Type">Combat</Setting>
				</Set>
				<Set Name="79">
					<Setting Name="__SourceName">Intellectual Remedy</Setting>
					<Setting Name="Target">@Me</Setting>
					<Setting Name="Type">Combat</Setting>
				</Set>
				<Set Name="80">
					<Setting Name="__SourceName">Asylum</Setting>
					<Setting Name="Type">CA</Setting>
				</Set>
				<Set Name="81">
					<Setting Name="__SourceName">Brainshock</Setting>
					<Setting Name="Type">CA</Setting>
				</Set>
				<Set Name="82">
					<Setting Name="#">1</Setting>
					<Setting Name="__SourceName">Blinding Shock</Setting>
					<Setting Name="Type">CA</Setting>
				</Set>
				<Set Name="83">
					<Setting Name="__SourceName">Spellblade's Counter</Setting>
					<Setting Name="Type">CA</Setting>
				</Set>
				<Set Name="84">
					<Setting Name="__Disabled">TRUE</Setting>
					<Setting Name="__SourceName">Cascading Force</Setting>
					<Setting Name="Tag">Ascension</Setting>
					<Setting Name="Type">NamedCA</Setting>
				</Set>
				<Set Name="85">
					<Setting Name="__Disabled">TRUE</Setting>
					<Setting Name="__SourceName">Compounding Force</Setting>
					<Setting Name="Tag">Ascension</Setting>
					<Setting Name="Type">NamedCA</Setting>
				</Set>
				<Set Name="86">
					<Setting Name="__Disabled">TRUE</Setting>
					<Setting Name="__SourceName">Levinbolt</Setting>
					<Setting Name="Tag">Ascension</Setting>
					<Setting Name="Type">NamedCA</Setting>
				</Set>
				<Set Name="87">
					<Setting Name="__SourceName">Nullifying Staff</Setting>
					<Setting Name="Type">CA</Setting>
				</Set>
				<Set Name="88">
					<Setting Name="__SourceName">Silence</Setting>
					<Setting Name="Type">CA</Setting>
				</Set>
				<Set Name="89">
					<Setting Name="__SourceName">Medusa Gaze</Setting>
					<Setting Name="Type">CA</Setting>
				</Set>
				<Set Name="90">
					<Setting Name="#">3</Setting>
					<Setting Name="__SourceName">Shock Wave</Setting>
					<Setting Name="Type">CA</Setting>
				</Set>
				<Set Name="91">
					<Setting Name="__SourceName">Simple Minds</Setting>
					<Setting Name="Type">CA</Setting>
				</Set>
				<Set Name="92">
					<Setting Name="#">2</Setting>
					<Setting Name="__SourceName">Shock Wave</Setting>
					<Setting Name="Type">CA</Setting>
				</Set>
				<Set Name="93">
					<Setting Name="__SourceName">Arcane Bewilderment</Setting>
					<Setting Name="Type">CA</Setting>
				</Set>
				<Set Name="94">
					<Setting Name="__SourceName">Ego Shock</Setting>
					<Setting Name="Type">CA</Setting>
				</Set>
				<Set Name="95">
					<Setting Name="__SourceName">Master's Strike</Setting>
					<Setting Name="Type">CA</Setting>
				</Set>
				<Set Name="96">
					<Setting Name="__SourceName">Hemorrhage</Setting>
					<Setting Name="Type">CA</Setting>
				</Set>
				<Set Name="97">
					<Setting Name="#">1</Setting>
					<Setting Name="__SourceName">Shock Wave</Setting>
					<Setting Name="Type">CA</Setting>
				</Set>
				<Set Name="98">
					<Setting Name="__SourceName">Obliterated Psyche</Setting>
					<Setting Name="Type">CA</Setting>
				</Set>
				<Set Name="99">
					<Setting Name="__SourceName">Stupefy</Setting>
					<Setting Name="Type">CA</Setting>
				</Set>
				<Set Name="100">
					<Setting Name="__SourceName">Brainshock</Setting>
					<Setting Name="ID">TRUE</Setting>
					<Setting Name="Type">CA</Setting>
				</Set>
				<Set Name="101">
					<Setting Name="__SourceName">Asylum</Setting>
					<Setting Name="ID">TRUE</Setting>
					<Setting Name="Type">CA</Setting>
				</Set>
				<Set Name="102">
					<Setting Name="__SourceName">Silence</Setting>
					<Setting Name="ID">TRUE</Setting>
					<Setting Name="Type">CA</Setting>
				</Set>
				<Set Name="103">
					<Setting Name="__SourceName">Mindbend</Setting>
					<Setting Name="M">TRUE</Setting>
					<Setting Name="Type">CA</Setting>
				</Set>
				<Set Name="104">
					<Setting Name="__SourceName">Cannibalize Thoughts</Setting>
					<Setting Name="ID">TRUE</Setting>
					<Setting Name="Type">CA</Setting>
				</Set>
				<Set Name="105">
					<Setting Name="__SourceName">------------------------------------------------------------------------------</Setting>
					<Setting Name="Type">Buff</Setting>
				</Set>
				<Set Name="106">
					<Setting Name="__SourceName">Renewal of Ro: Domination</Setting>
					<Setting Name="Type">Buff</Setting>
				</Set>
				<Set Name="107">
					<Setting Name="__SourceName">New Combine Mercenary Infusion</Setting>
					<Setting Name="Type">Buff</Setting>
				</Set>
				<Set Name="108">
					<Setting Name="__Disabled">TRUE</Setting>
					<Setting Name="__SourceName">Monolithic Mercenary Infusion</Setting>
					<Setting Name="Type">Buff</Setting>
				</Set>
				<Set Name="109">
					<Setting Name="__SourceName">Jubilant Familiar Infusion</Setting>
					<Setting Name="Type">Buff</Setting>
				</Set>
				<Set Name="110">
					<Setting Name="__SourceName">Vah Shir Mount Infusion</Setting>
					<Setting Name="Type">Buff</Setting>
				</Set>
				<Set Name="111">
					<Setting Name="__SourceName">French Slobberer</Setting>
					<Setting Name="Type">Buff</Setting>
				</Set>
				<Set Name="112">
					<Setting Name="__SourceName">Undeath</Setting>
					<Setting Name="Type">NonCombatBuff</Setting>
				</Set>
				<Set Name="113">
					<Setting Name="__SourceName">Mesmerizing Trance</Setting>
					<Setting Name="Type">Buff</Setting>
				</Set>
				<Set Name="114">
					<Setting Name="__SourceName">Magi's Shielding</Setting>
					<Setting Name="Type">Buff</Setting>
				</Set>
				<Set Name="115">
					<Setting Name="__SourceName">Signet of Intellect</Setting>
					<Setting Name="Type">Buff</Setting>
				</Set>
				<Set Name="116">
					<Setting Name="__SourceName">Power of Mind</Setting>
					<Setting Name="Type">Buff</Setting>
				</Set>
				<Set Name="117">
					<Setting Name="__SourceName">Mind's Eye</Setting>
					<Setting Name="Type">Buff</Setting>
				</Set>
				<Set Name="118">
					<Setting Name="__SourceName">Breeze</Setting>
					<Setting Name="Type">Buff</Setting>
				</Set>
				<Set Name="119">
					<Setting Name="__SourceName">Siren's Gift</Setting>
					<Setting Name="Type">Buff</Setting>
				</Set>
				<Set Name="120">
					<Setting Name="__SourceName">Empathic Aura</Setting>
					<Setting Name="Type">Buff</Setting>
				</Set>
				<Set Name="121">
					<Setting Name="__SourceName">Empathic Breeze</Setting>
					<Setting Name="Type">Buff</Setting>
				</Set>
				<Set Name="122">
					<Setting Name="__SourceName">Charged Warding</Setting>
					<Setting Name="Type">Buff</Setting>
				</Set>
				<Set Name="123">
					<Setting Name="__SourceName">Shrink Servant</Setting>
					<Setting Name="Type">NonCombatBuff</Setting>
				</Set>
				<Set Name="124">
					<Setting Name="__Disabled">TRUE</Setting>
					<Setting Name="__SourceName">Glide</Setting>
					<Setting Name="Type">NonCombatBuff</Setting>
				</Set>
				<Set Name="125">
					<Setting Name="__SourceName">Etherlord</Setting>
					<Setting Name="Type">Buff</Setting>
				</Set>
				<Set Name="126">
					<Setting Name="__SourceName">Guild Buff</Setting>
					<Setting Name="Type">NonCombatBuff</Setting>
				</Set>
				<Set Name="127">
					<Setting Name="__SourceName">Summon: Beloved of Bristlebane</Setting>
					<Setting Name="Type">Buff</Setting>
				</Set>
				<Set Name="128">
					<Setting Name="__SourceName">Wroughtlands Smasher</Setting>
					<Setting Name="Type">Buff</Setting>
				</Set>
				<Set Name="129">
					<Setting Name="__SourceName">Takish'Hiz Peafowl</Setting>
					<Setting Name="Type">Buff</Setting>
				</Set>
				<Set Name="130">
					<Setting Name="__SourceName">------------------------------------------------------------------------------</Setting>
					<Setting Name="Type">Buff</Setting>
				</Set>
				<Set Name="131">
					<Setting Name="__ENDOFCASTSTACK">TRUE</Setting>
					<Setting Name="__SourceName">============= END OF CAST STACK =============</Setting>
					<Setting Name="Type">Buff</Setting>
				</Set>
			</Set>
			<Set Name="AbilityRotation">
				<Set Name="1">
					<Setting Name="__SourceName">Asylum</Setting>
					<Setting Name="Dur">25</Setting>
					<Setting Name="Me">TRUE</Setting>
				</Set>
				<Set Name="2">
					<Setting Name="__SourceName">Essence of Magic</Setting>
					<Setting Name="G">TRUE</Setting>
					<Setting Name="I">TRUE</Setting>
				</Set>
				<Set Name="3">
					<Setting Name="__SourceName">Shift Mana</Setting>
					<Setting Name="Dur">18</Setting>
					<Setting Name="Me">TRUE</Setting>
				</Set>
			</Set>
			<Set Name="Precast">
				<Set Name="1">
					<Setting Name="__Disabled">TRUE</Setting>
					<Setting Name="__SourceName">Ethereal Conduit</Setting>
					<Setting Name="On">Ethershadow Assassin</Setting>
				</Set>
				<Set Name="2">
					<Setting Name="__SourceName">Foretold Prophecy</Setting>
					<Setting Name="On">Puppetmaster</Setting>
				</Set>
			</Set>
			<Set Name="Postcast">
				<Set Name="1">
					<Setting Name="__SourceName">Stupefy</Setting>
					<Setting Name="After">Shock Wave</Setting>
				</Set>
				<Set Name="2">
					<Setting Name="__SourceName">Focused Blast</Setting>
					<Setting Name="After">Levinbolt</Setting>
				</Set>
				<Set Name="3">
					<Setting Name="__Disabled">TRUE</Setting>
					<Setting Name="__SourceName">Ethershadow Assassin</Setting>
					<Setting Name="After">Ethereal Conduit</Setting>
				</Set>
			</Set>
			<Set Name="Announce">
				<Set Name="1">
					<Setting Name="__SourceName">Channel</Setting>
					<Setting Name="Target">Group</Setting>
					<Setting Name="Txt">Channel</Setting>
				</Set>
				<Set Name="2">
					<Setting Name="__SourceName">Coercive Shout</Setting>
					<Setting Name="Target">Group</Setting>
					<Setting Name="Txt">Coercive Shout on *Target*</Setting>
				</Set>
				<Set Name="3">
					<Setting Name="__Disabled">TRUE</Setting>
					<Setting Name="__SourceName">Cure Magic</Setting>
					<Setting Name="Target">Group</Setting>
					<Setting Name="Txt">Cure Magic on *Target*</Setting>
				</Set>
				<Set Name="4">
					<Setting Name="__Disabled">TRUE</Setting>
					<Setting Name="__SourceName">Intellectual Remedy</Setting>
					<Setting Name="Target">Group</Setting>
					<Setting Name="Txt">Intellectual Remedy</Setting>
				</Set>
				<Set Name="5">
					<Setting Name="__Disabled">TRUE</Setting>
					<Setting Name="__SourceName">Mana Flow</Setting>
					<Setting Name="Target">Group</Setting>
					<Setting Name="Txt">Mana Flow on *Target*</Setting>
				</Set>
				<Set Name="6">
					<Setting Name="__Disabled">TRUE</Setting>
					<Setting Name="__SourceName">Mana Flow</Setting>
					<Setting Name="Target">Raid</Setting>
					<Setting Name="Txt">Mana Flow on *Target*</Setting>
				</Set>
				<Set Name="7">
					<Setting Name="__Disabled">TRUE</Setting>
					<Setting Name="__SourceName">Peace of Mind</Setting>
					<Setting Name="Target">Group</Setting>
					<Setting Name="Txt">+ Peace of Mind</Setting>
				</Set>
				<Set Name="8">
					<Setting Name="__Disabled">TRUE</Setting>
					<Setting Name="__SourceName">Absorb Magic</Setting>
					<Setting Name="Target">Group</Setting>
					<Setting Name="Txt">Absorb Magic</Setting>
				</Set>
				<Set Name="9">
					<Setting Name="__SourceName">Balanced Synergy</Setting>
					<Setting Name="Target">Group</Setting>
					<Setting Name="Txt">Balanced Synergy - Mage</Setting>
				</Set>
				<Set Name="10">
					<Setting Name="__Disabled">TRUE</Setting>
					<Setting Name="__SourceName">Mind Control</Setting>
					<Setting Name="Target">Group</Setting>
					<Setting Name="Txt">Mind Control on *Target*</Setting>
				</Set>
				<Set Name="11">
					<Setting Name="__SourceName">Manaward</Setting>
					<Setting Name="Target">Raid</Setting>
					<Setting Name="Txt">Manaward cast</Setting>
				</Set>
				<Set Name="12">
					<Setting Name="__SourceName">Temporal Mimicry</Setting>
					<Setting Name="Target">Raid</Setting>
					<Setting Name="Txt">Mimic on *Target*</Setting>
				</Set>
			</Set>
			<Set Name="Other">
				<Setting Name="checkbox_other_requestconfrontfearviauplink">TRUE</Setting>
				<Setting Name="checkbox_other_handlefieldmedic">TRUE</Setting>
			</Set>
			<Set Name="Debug">
				<Setting Name="checkbox_debug_casting">FALSE</Setting>
				<Setting Name="checkbox_debug_castingdetails">FALSE</Setting>
			</Set>
			<Set Name="Crowd_Control">
				<Set Name="1">
					<Setting Name="__SourceName">Pure Awe</Setting>
				</Set>
				<Set Name="2">
					<Setting Name="__SourceName">Mesmerize</Setting>
				</Set>
				<Set Name="3">
					<Setting Name="__SourceName">Charm</Setting>
				</Set>
			</Set>
			<Set Name="AutoTarget">
				<Setting Name="slider_autotarget_scanradius">20</Setting>
				<Setting Name="checkbox_autotarget_enabled">FALSE</Setting>
				<Setting Name="slider_autotarget_rescantime">381</Setting>
				<Setting Name="slider_autotarget_scanheight">15</Setting>
			</Set>
			<Set Name="Load">
				<Setting Name="checkbox_load_ogreircuplink">FALSE</Setting>
				<Setting Name="checkbox_load_radaroff">TRUE</Setting>
				<Setting Name="checkbox_load_ogreirc">TRUE</Setting>
				<Setting Name="checkbox_load_radaron">FALSE</Setting>
			</Set>
			<Set Name="LoadExecute">
				<Set Name="1">
					<Setting Name="__SourceName">eq2execute ics_playercombatautoface 0</Setting>
				</Set>
				<Set Name="2">
					<Setting Name="__Disabled">TRUE</Setting>
					<Setting Name="__SourceName">run Charm</Setting>
				</Set>
			</Set>
			<Set Name="OnZoneExecute">
				<Set Name="1">
					<Setting Name="__Disabled">TRUE</Setting>
					<Setting Name="__SourceName">run FieldMedic</Setting>
				</Set>
			</Set>
			<Set Name="EquipmentInfo">
				<Setting Name="combobox_equipmentinfo_charmoption1">Item:Shard of the Mountain</Setting>
				<Setting Name="combobox_equipmentinfo_charmoption2">Item:Cerebral Incubator</Setting>
			</Set>
			<Set Name="OgreConsole">
				<Setting Name="textentry_ogreconsole_x">483</Setting>
				<Setting Name="textentry_ogreconsole_y">851</Setting>
				<Setting Name="textentry_ogreconsole_width">632</Setting>
				<Setting Name="textentry_ogreconsole_height">177</Setting>
				<Setting Name="checkbox_ogreconsole_neverautoopen">TRUE</Setting>
				<Setting Name="checkbox_ogreconsole_hideonload">TRUE</Setting>
			</Set>
			<Set Name="AscensionEmbargoList">
				<Set Name="1">
					<Setting Name="__SourceName">Ethershadow Assassin</Setting>
				</Set>
			</Set>
			<Set Name="Coercer">
				<Setting Name="textentry_coercer_irrotationtext">Intellectual Remedy</Setting>
				<Setting Name="combobox_coercer_pe_preference">priest</Setting>
				<Setting Name="checkbox_coercer_pe_castoutsideofinstances">FALSE</Setting>
			</Set>
			<Set Name="Items">
				<Set Name="1">
					<Setting Name="__SourceName">Behind the Schemes</Setting>
				</Set>
				<Set Name="2">
					<Setting Name="__SourceName">Cerebral Incubator</Setting>
				</Set>
				<Set Name="3">
					<Setting Name="__SourceName">Forlorn Cure Arcane</Setting>
				</Set>
				<Set Name="4">
					<Setting Name="__SourceName">Forlorn Cure Elemental</Setting>
				</Set>
				<Set Name="5">
					<Setting Name="__SourceName">Forlorn Cure Noxious</Setting>
				</Set>
				<Set Name="6">
					<Setting Name="__SourceName">Forlorn Cure Trauma</Setting>
				</Set>
				<Set Name="7">
					<Setting Name="__SourceName">Gadsin's Zombified Eyeball</Setting>
				</Set>
				<Set Name="8">
					<Setting Name="__SourceName">Handcrafted Zimaran Elixir of Tactics</Setting>
				</Set>
				<Set Name="9">
					<Setting Name="__SourceName">Handcrafted Zimaran Scroll of Aptitude</Setting>
				</Set>
				<Set Name="10">
					<Setting Name="__SourceName">Handcrafted Zimaran Scroll of Aptitude</Setting>
				</Set>
				<Set Name="11">
					<Setting Name="__SourceName">Handcrafted Zimaran Scroll of Pugilism</Setting>
				</Set>
				<Set Name="12">
					<Setting Name="__SourceName">Handcrafted Zimaran Scroll of Pugilism</Setting>
				</Set>
				<Set Name="13">
					<Setting Name="__SourceName">Handcrafted Zimaran Scroll of Skirmishing</Setting>
				</Set>
				<Set Name="14">
					<Setting Name="__SourceName">Handcrafted Zimaran Scroll of Skirmishing</Setting>
				</Set>
				<Set Name="15">
					<Setting Name="__SourceName">Holos Illuminated Totem</Setting>
				</Set>
				<Set Name="16">
					<Setting Name="__SourceName">Pathos Canon Totem</Setting>
				</Set>
				<Set Name="17">
					<Setting Name="__SourceName">Plateaus Elixir of Tactics</Setting>
				</Set>
				<Set Name="18">
					<Setting Name="__SourceName">Plateaus Energy Inverter</Setting>
				</Set>
				<Set Name="19">
					<Setting Name="__SourceName">Plateaus Scroll of Aptitude</Setting>
				</Set>
				<Set Name="20">
					<Setting Name="__SourceName">Plateaus Scroll of Pugilism</Setting>
				</Set>
				<Set Name="21">
					<Setting Name="__SourceName">Plateaus Scroll of Skirmishing</Setting>
				</Set>
				<Set Name="22">
					<Setting Name="__SourceName">Sacramental Illuminated Totem</Setting>
				</Set>
				<Set Name="23">
					<Setting Name="__SourceName">Scepter of Illumination</Setting>
				</Set>
				<Set Name="24">
					<Setting Name="__SourceName">Scepter of Shadows</Setting>
				</Set>
				<Set Name="25">
					<Setting Name="__SourceName">Shadowscream Essence of Clarity</Setting>
				</Set>
				<Set Name="26">
					<Setting Name="__SourceName">Shadowscream Scroll of Aptitude</Setting>
				</Set>
				<Set Name="27">
					<Setting Name="__SourceName">Shadowscream Scroll of Brawn</Setting>
				</Set>
				<Set Name="28">
					<Setting Name="__SourceName">Shadowscream Scroll of Grappling</Setting>
				</Set>
				<Set Name="29">
					<Setting Name="__SourceName">Shadowscream Scroll of Pugilism</Setting>
				</Set>
				<Set Name="30">
					<Setting Name="__SourceName">Shadowscream Scroll of Skirmishing</Setting>
				</Set>
				<Set Name="31">
					<Setting Name="__SourceName">Shadowscream Scroll of Talent</Setting>
				</Set>
				<Set Name="32">
					<Setting Name="__SourceName">Shard of the Mountain</Setting>
				</Set>
				<Set Name="33">
					<Setting Name="__SourceName">Unstable Void Crystal</Setting>
				</Set>
				<Set Name="34">
					<Setting Name="__SourceName">Wyrm Cursed Star Darkened Amulet</Setting>
				</Set>
				<Set Name="35">
					<Setting Name="__SourceName">_ADORN_Critical Thinking</Setting>
				</Set>
				<Set Name="36">
					<Setting Name="__SourceName">_ADORN_Growing Criticals</Setting>
				</Set>
				<Set Name="37">
					<Setting Name="__SourceName">_ADORN_Heart of Luclin</Setting>
				</Set>
				<Set Name="38">
					<Setting Name="__SourceName">_ADORN_Renewal Rune: Vampiric Requiem</Setting>
				</Set>
				<Set Name="39">
					<Setting Name="__SourceName">_EQUIPPED_Head_03</Setting>
				</Set>
				<Set Name="40">
					<Setting Name="__SourceName">_EQUIPPED_Left Charm_21</Setting>
				</Set>
				<Set Name="41">
					<Setting Name="__SourceName">_EQUIPPED_Neck_14</Setting>
				</Set>
				<Set Name="42">
					<Setting Name="__SourceName">_EQUIPPED_Right Charm_22</Setting>
				</Set>
			</Set>
			<Set Name="ConsumeItems">
				<Set Name="1">
					<Setting Name="__IsItem">TRUE</Setting>
					<Setting Name="__ItemName">Handcrafted Zimaran Scroll of Aptitude</Setting>
					<Setting Name="__SourceName">Item:Handcrafted Zimaran Scroll of Aptitude</Setting>
					<Setting Name="IC">TRUE</Setting>
				</Set>
				<Set Name="2">
					<Setting Name="__IsItem">TRUE</Setting>
					<Setting Name="__ItemName">Handcrafted Zimaran Scroll of Pugilism</Setting>
					<Setting Name="__SourceName">Item:Handcrafted Zimaran Scroll of Pugilism</Setting>
					<Setting Name="IC">TRUE</Setting>
				</Set>
				<Set Name="3">
					<Setting Name="__IsItem">TRUE</Setting>
					<Setting Name="__ItemName">Handcrafted Zimaran Scroll of Skirmishing</Setting>
					<Setting Name="__SourceName">Item:Handcrafted Zimaran Scroll of Skirmishing</Setting>
					<Setting Name="IC">TRUE</Setting>
				</Set>
				<Set Name="4">
					<Setting Name="__IsItem">TRUE</Setting>
					<Setting Name="__ItemName">Handcrafted Zimaran Elixir of Tactics</Setting>
					<Setting Name="__SourceName">Item:Handcrafted Zimaran Elixir of Tactics</Setting>
					<Setting Name="IC">TRUE</Setting>
				</Set>
			</Set>
			<Set Name="Tags_AddNew">
				<Set Name="1">
					<Setting Name="__SourceName">FastCast</Setting>
				</Set>
				<Set Name="2">
					<Setting Name="__SourceName">ECPostCast</Setting>
				</Set>
				<Set Name="3">
					<Setting Name="__SourceName">EARefresh</Setting>
				</Set>
				<Set Name="4">
					<Setting Name="__SourceName">Primal</Setting>
				</Set>
				<Set Name="5">
					<Setting Name="__SourceName">PrimalTemps</Setting>
				</Set>
				<Set Name="6">
					<Setting Name="__SourceName">PreCastTag</Setting>
				</Set>
				<Set Name="7">
					<Setting Name="__SourceName">ColKnow</Setting>
				</Set>
				<Set Name="8">
					<Setting Name="__SourceName">EpicSpell</Setting>
				</Set>
				<Set Name="9">
					<Setting Name="__SourceName">SlowTorment</Setting>
				</Set>
				<Set Name="10">
					<Setting Name="__SourceName">Invert</Setting>
				</Set>
			</Set>
			<Set Name="Tags">
				<Set Name="1">
					<Setting Name="+">1</Setting>
					<Setting Name="__SourceName">FastCast</Setting>
					<Setting Name="I">TRUE</Setting>
					<Setting Name="Me">TRUE</Setting>
				</Set>
				<Set Name="2">
					<Setting Name="__SourceName">ECPostCast</Setting>
					<Setting Name="I">TRUE</Setting>
				</Set>
				<Set Name="3">
					<Setting Name="__SourceName">EARefresh</Setting>
					<Setting Name="Dur">200</Setting>
					<Setting Name="I">TRUE</Setting>
				</Set>
				<Set Name="4">
					<Setting Name="__SourceName">Primal</Setting>
					<Setting Name="I">TRUE</Setting>
				</Set>
				<Set Name="5">
					<Setting Name="__SourceName">PrimalTemps</Setting>
					<Setting Name="I">TRUE</Setting>
				</Set>
				<Set Name="6">
					<Setting Name="__SourceName">PreCastTag</Setting>
					<Setting Name="I">TRUE</Setting>
					<Setting Name="Me">TRUE</Setting>
				</Set>
				<Set Name="7">
					<Setting Name="__SourceName">ColKnow</Setting>
					<Setting Name="I">TRUE</Setting>
					<Setting Name="Me">TRUE</Setting>
				</Set>
				<Set Name="8">
					<Setting Name="__SourceName">EpicSpell</Setting>
					<Setting Name="I">TRUE</Setting>
					<Setting Name="Me">TRUE</Setting>
				</Set>
				<Set Name="9">
					<Setting Name="__SourceName">SlowTorment</Setting>
					<Setting Name="Dur">10</Setting>
					<Setting Name="H">TRUE</Setting>
					<Setting Name="I">TRUE</Setting>
					<Setting Name="Me">TRUE</Setting>
				</Set>
				<Set Name="10">
					<Setting Name="__SourceName">Invert</Setting>
					<Setting Name="I">TRUE</Setting>
					<Setting Name="Me">TRUE</Setting>
				</Set>
			</Set>
			<Set Name="AbilityTracker">
				<Set Name="1">
					<Setting Name="__SourceName">Manasoul</Setting>
				</Set>
				<Set Name="2">
					<Setting Name="__SourceName">Coercive Shout</Setting>
				</Set>
			</Set>
			<Set Name="ProfileParts">
				<Set Name="1">
					<Setting Name="__SourceName">Ascension</Setting>
					<Setting Name="File">All_Profile.xml</Setting>
				</Set>
				<Set Name="2">
					<Setting Name="__SourceName">ItemRotation</Setting>
					<Setting Name="File">All_Profile.xml</Setting>
				</Set>
				<Set Name="3">
					<Setting Name="__SourceName">Overseer</Setting>
					<Setting Name="File">All_Profile.xml</Setting>
				</Set>
				<Set Name="4">
					<Setting Name="__SourceName">OverseerBuyMissions</Setting>
					<Setting Name="File">All_Profile.xml</Setting>
				</Set>
				<Set Name="5">
					<Setting Name="__SourceName">PackPony</Setting>
					<Setting Name="File">All_Profile.xml</Setting>
				</Set>
				<Set Name="6">
					<Setting Name="__SourceName">Setup</Setting>
					<Setting Name="File">NonTank_Profile.xml</Setting>
				</Set>
				<Set Name="7">
					<Setting Name="__SourceName">Settings</Setting>
					<Setting Name="File">NonTank_Profile.xml</Setting>
				</Set>
				<Set Name="8">
					<Setting Name="__SourceName">Loot</Setting>
					<Setting Name="File">NonTank_Profile.xml</Setting>
				</Set>
				<Set Name="9">
					<Setting Name="__SourceName">OSA</Setting>
					<Setting Name="File">NonTank_Profile.xml</Setting>
				</Set>
				<Set Name="10">
					<Setting Name="__SourceName">HUDs</Setting>
					<Setting Name="File">NonTank_Profile.xml</Setting>
				</Set>
				<Set Name="11">
					<Setting Name="__SourceName">Assist</Setting>
					<Setting Name="File">NonTank_Profile.xml</Setting>
				</Set>
				<Set Name="12">
					<Setting Name="__SourceName">Aliases</Setting>
					<Setting Name="File">All_Profile.xml</Setting>
				</Set>
			</Set>
			<Set Name="ProfilePartsSettings">
				<Setting Name="checkbox_profileparts_settings_enable">TRUE</Setting>
			</Set>
			<Set Name="HOExcludes">
				<Set Name="1">
					<Setting Name="__SourceName">Posess Essence</Setting>
				</Set>
				<Set Name="2">
					<Setting Name="__SourceName">Charm</Setting>
				</Set>
				<Set Name="3">
					<Setting Name="__SourceName">Signet of Intellect</Setting>
				</Set>
				<Set Name="4">
					<Setting Name="__SourceName">Velocity</Setting>
				</Set>
				<Set Name="5">
					<Setting Name="__SourceName">Shift Mana</Setting>
				</Set>
			</Set>
			<Set Name="VampiricRequiem">
				<Set Name="1">
					<Setting Name="__SourceName">Mind's Eye</Setting>
				</Set>
				<Set Name="2">
					<Setting Name="__SourceName">Peaceful Link</Setting>
				</Set>
				<Set Name="3">
					<Setting Name="__SourceName">Signet of Intellect</Setting>
				</Set>
				<Set Name="4">
					<Setting Name="__SourceName">Power of Mind</Setting>
				</Set>
				<Set Name="5">
					<Setting Name="__SourceName">Enraging Demeanor</Setting>
				</Set>
				<Set Name="6">
					<Setting Name="__SourceName">Enchanted Vigor</Setting>
				</Set>
			</Set>
			<Set Name="VampiricRequiemOptions">
				<Setting Name="checkbox_vampiricrequiem_enable">TRUE</Setting>
			</Set>
		</Set>
		<Setting Name="DefaultProfiles">BoZ_Coercer</Setting>
	</Set>
</InnerSpaceSettings>
