﻿<?xml version='1.0' encoding='UTF-8'?>
<!-- Generated by LavishSettings v2 -->
<InnerSpaceSettings>
	<Set Name="Profiles">
		<Setting Name="DefaultProfiles">Lock_DonatedProfile</Setting>
		<Set Name="Jiimbo_BOZ_Lock_v1">
			<Set Name="Settings">
				<Setting Name="checkbox_settings_buffs">TRUE</Setting>
				<Setting Name="checkbox_settings_combatarts">TRUE</Setting>
				<Setting Name="checkbox_settings_namedcombatarts">TRUE</Setting>
				<Setting Name="checkbox_settings_rangedattack">TRUE</Setting>
				<Setting Name="checkbox_settings_autoattacktiming">FALSE</Setting>
				<Setting Name="checkbox_settings_meleeattack">TRUE</Setting>
				<Setting Name="checkbox_settings_ignoretargettoattackhealthcheck">TRUE</Setting>
				<Setting Name="checkbox_settings_loot">FALSE</Setting>
				<Setting Name="checkbox_settings_acceptloot">TRUE</Setting>
				<Setting Name="checkbox_settings_acceptres">TRUE</Setting>
				<Setting Name="checkbox_settings_prioritytab">TRUE</Setting>
				<Setting Name="checkbox_settings_acceptinvites">TRUE</Setting>
				<Setting Name="checkbox_settings_enablealiases">TRUE</Setting>
				<Setting Name="checkbox_settings_enableogremcp">TRUE</Setting>
				<Setting Name="checkbox_settings_enableonscreenassistant">FALSE</Setting>
				<Setting Name="checkbox_settings_enableannouncetab">TRUE</Setting>
				<Setting Name="checkbox_settings_raidoptions">TRUE</Setting>
				<Setting Name="checkbox_settings_grindoptions">TRUE</Setting>
				<Setting Name="checkbox_settings_encountersmartnukes">TRUE</Setting>
				<Setting Name="checkbox_settings_aesmartnukes">TRUE</Setting>
				<Setting Name="checkbox_settings_autotargetwhenhated">TRUE</Setting>
				<Setting Name="checkbox_settings_res">TRUE</Setting>
				<Setting Name="checkbox_settings_dopowerheals">TRUE</Setting>
				<Setting Name="checkbox_settings_assist">TRUE</Setting>
				<Setting Name="checkbox_settings_autofollow">TRUE</Setting>
				<Setting Name="checkbox_settings_chaintab">TRUE</Setting>
				<Setting Name="checkbox_settings_movetoarea">TRUE</Setting>
				<Setting Name="checkbox_settings_doho">FALSE</Setting>
				<Setting Name="checkbox_settings_facenpc">TRUE</Setting>
				<Setting Name="checkbox_settings_turnoffattack">TRUE</Setting>
				<Setting Name="checkbox_settings_mobpriestinfo">FALSE</Setting>
				<Setting Name="checkbox_settings_forcenamedcatab">FALSE</Setting>
				<Setting Name="checkbox_settings_acceptdungeonfinderisready">TRUE</Setting>
				<Setting Name="checkbox_settings_movebehind">FALSE</Setting>
				<Setting Name="checkbox_settings_moveinfront">FALSE</Setting>
				<Setting Name="checkbox_settings_disablecaststack_namedca">FALSE</Setting>
				<Setting Name="checkbox_settings_autospend_deitypoints">TRUE</Setting>
				<Setting Name="checkbox_settings_autocomplete_ascensioncombos">FALSE</Setting>
				<Setting Name="checkbox_settings_handle_hq_earring">TRUE</Setting>
				<Setting Name="checkbox_settings_summon_familiar">TRUE</Setting>
				<Setting Name="checkbox_settings_autospend_skipcb">FALSE</Setting>
				<Setting Name="checkbox_settings_autospend_skipstamina">TRUE</Setting>
				<Setting Name="checkbox_settings_disableabilitycollisionchecks">TRUE</Setting>
				<Setting Name="checkbox_settings_autospend_skippotency">TRUE</Setting>
				<Setting Name="checkbox_settings_ascension_embargo_and_combos">TRUE</Setting>
				<Setting Name="checkbox_settings_ignoremovetoattackhealthcheck">TRUE</Setting>
				<Setting Name="checkbox_settings_movemelee">FALSE</Setting>
				<Setting Name="checkbox_settings_acceptnochoicerewards">TRUE</Setting>
				<Setting Name="checkbox_settings_enable_abilityrotate">TRUE</Setting>
				<Setting Name="checkbox_settings_disablecaststack_nameddebuff">FALSE</Setting>
				<Setting Name="checkbox_settings_globally_mute_abilityrotation">FALSE</Setting>
				<Setting Name="checkbox_settings_disable_cd_t4_weapons">TRUE</Setting>
				<Setting Name="checkbox_settings_accept_zonein_confirmation">TRUE</Setting>
				<Setting Name="checkbox_settings_dov_raid_debuff">TRUE</Setting>
				<Setting Name="checkbox_settings_skipcutscenes">TRUE</Setting>
				<Setting Name="checkbox_settings_acceptraidreadychecks">TRUE</Setting>
				<Setting Name="checkbox_settings_no_overseer">FALSE</Setting>
				<Setting Name="checkbox_settings_enable_tag_embargo">TRUE</Setting>
				<Setting Name="checkbox_settings_enable_tag_allow">TRUE</Setting>
				<Setting Name="checkbox_settings_enable_itemrotate">TRUE</Setting>
				<Setting Name="checkbox_settings_npc_cast_monitoring">TRUE</Setting>
				<Setting Name="checkbox_settings_castwhilemoving">TRUE</Setting>
				<Setting Name="checkbox_settings_enable_chatevents">TRUE</Setting>
				<Setting Name="checkbox_settings_enable_spawnevents">TRUE</Setting>
				<Setting Name="checkbox_settings_disable_dbc_claim">TRUE</Setting>
				<Setting Name="checkbox_settings_consumeitems">TRUE</Setting>
				<Setting Name="checkbox_settings_auto_use_temporary_mount_reduction">TRUE</Setting>
				<Setting Name="checkbox_settings_auto_use_temporary_research_reduction">TRUE</Setting>
				<Setting Name="checkbox_settings_auto_use_temporary_familiar_experience">TRUE</Setting>
				<Setting Name="checkbox_settings_autoshare_missions">TRUE</Setting>
				<Setting Name="checkbox_settings_enablepetsindropdowns">TRUE</Setting>
				<Setting Name="checkbox_settings_spew_subscription_status">TRUE</Setting>
				<Setting Name="checkbox_settings_spew_boz_research">TRUE</Setting>
				<Setting Name="checkbox_settings_allow_specials_to_be_targets">TRUE</Setting>
				<Setting Name="checkbox_settings_use_reduced_stun_checks">TRUE</Setting>
				<Setting Name="checkbox_settings_do_not_show_available_setups">TRUE</Setting>
				<Setting Name="checkbox_settings_do_not_show_revision_history">TRUE</Setting>
			</Set>
			<Set Name="Setup">
				<Setting Name="textentry_setup_percenttoattack">99</Setting>
				<Setting Name="textentry_setup_moveintoattackrangehealthpercent">99</Setting>
				<Setting Name="textentry_setup_petpercenttoattack">97</Setting>
				<Setting Name="textentry_setup_powertousecas">1</Setting>
				<Setting Name="textentry_setup_healthtousecas">1</Setting>
				<Setting Name="textentry_setup_percenttousemanastone">10</Setting>
				<Setting Name="textentry_setup_percenttouseshards">10</Setting>
				<Setting Name="textentry_setup_reswaittimer">2</Setting>
				<Setting Name="checkbox_setup_broadcasttellstouplink">FALSE</Setting>
				<Setting Name="checkbox_setup_receivetellsfromuplink">FALSE</Setting>
				<Setting Name="combobox_setup_autofollowname">@Tank</Setting>
				<Setting Name="textentry_setup_moveintomeleerangemaxdistance">60</Setting>
				<Setting Name="textentry_setup_autofollowmaxdistance">60</Setting>
				<Setting Name="textentry_setup_spellrangeextender" />
				<Setting Name="textentry_setup_pbaetargets">2</Setting>
				<Setting Name="textentry_setup_encountertargets">2</Setting>
				<Setting Name="checkbox_setup_broadcastguildtouplink">FALSE</Setting>
				<Setting Name="checkbox_setup_playsoundonreceivetellsfromuplink">FALSE</Setting>
			</Set>
			<Set Name="CastStack">
				<Set Name="1">
					<Setting Name="__SourceName">------------------------------Buffs---------------------------------------------------------------</Setting>
					<Setting Name="Type">NamedCA</Setting>
				</Set>
				<Set Name="2">
					<Setting Name="__SourceName">Acid Rain</Setting>
					<Setting Name="Type">Buff</Setting>
				</Set>
				<Set Name="3">
					<Setting Name="__SourceName">Aspect of Darkness</Setting>
					<Setting Name="Type">Buff</Setting>
				</Set>
				<Set Name="4">
					<Setting Name="__SourceName">Guild Buff</Setting>
					<Setting Name="Type">NonCombatBuff</Setting>
				</Set>
				<Set Name="5">
					<Setting Name="__SourceName">Dark Pact</Setting>
					<Setting Name="Type">Buff</Setting>
				</Set>
				<Set Name="6">
					<Setting Name="__SourceName">Grasp of Bertoxxulous</Setting>
					<Setting Name="Target">@Tank</Setting>
					<Setting Name="Type">Buff</Setting>
				</Set>
				<Set Name="7">
					<Setting Name="__SourceName">Grasp of Bertoxxulous</Setting>
					<Setting Name="Target">@Me</Setting>
					<Setting Name="Type">Buff</Setting>
				</Set>
				<Set Name="8">
					<Setting Name="__SourceName">Grasp of Bertoxxulous</Setting>
					<Setting Name="Target">@Enchanter</Setting>
					<Setting Name="Type">Buff</Setting>
				</Set>
				<Set Name="9">
					<Setting Name="__SourceName">Boon of the Damned</Setting>
					<Setting Name="Target">@Tank</Setting>
					<Setting Name="Type">Buff</Setting>
				</Set>
				<Set Name="10">
					<Setting Name="__SourceName">Propagation</Setting>
					<Setting Name="Type">Buff</Setting>
				</Set>
				<Set Name="11">
					<Setting Name="__SourceName">Monolithic Mercenary Infusion</Setting>
					<Setting Name="Type">Buff</Setting>
				</Set>
				<Set Name="12">
					<Setting Name="__SourceName">Magi's Shielding</Setting>
					<Setting Name="Type">Buff</Setting>
				</Set>
				<Set Name="13">
					<Setting Name="__SourceName">Negative Void</Setting>
					<Setting Name="Type">Buff</Setting>
				</Set>
				<Set Name="14">
					<Setting Name="__SourceName">Nullmail</Setting>
					<Setting Name="Type">Buff</Setting>
				</Set>
				<Set Name="15">
					<Setting Name="__SourceName">Sanguine Embrace</Setting>
					<Setting Name="Type">Buff</Setting>
				</Set>
				<Set Name="16">
					<Setting Name="__SourceName">Scaled Protection</Setting>
					<Setting Name="Type">Buff</Setting>
				</Set>
				<Set Name="17">
					<Setting Name="__SourceName">Summon: Pariah of Bertoxxulous</Setting>
					<Setting Name="Type">Buff</Setting>
				</Set>
				<Set Name="18">
					<Setting Name="__SourceName">Oblivion Link</Setting>
					<Setting Name="Target">@Tank</Setting>
					<Setting Name="Type">Buff</Setting>
				</Set>
				<Set Name="19">
					<Setting Name="__SourceName">Undeath</Setting>
					<Setting Name="Type">Buff</Setting>
				</Set>
				<Set Name="20">
					<Setting Name="__SourceName">Void Mastery</Setting>
					<Setting Name="Type">Buff</Setting>
				</Set>
				<Set Name="21">
					<Setting Name="__Disabled">TRUE</Setting>
					<Setting Name="__SourceName">-------------------------------------------------------------------------------</Setting>
					<Setting Name="Type">Buff</Setting>
				</Set>
				<Set Name="22">
					<Setting Name="__SourceName">Tolan's Darkwood Mount Infusion</Setting>
					<Setting Name="Type">Buff</Setting>
				</Set>
				<Set Name="23">
					<Setting Name="__SourceName">Jubilant Familiar Infusion</Setting>
					<Setting Name="Type">Buff</Setting>
				</Set>
				<Set Name="24">
					<Setting Name="__SourceName">-------------------------------------------------------------------------------------------------</Setting>
					<Setting Name="Type">NamedCA</Setting>
				</Set>
				<Set Name="25">
					<Setting Name="#">1</Setting>
					<Setting Name="%">100</Setting>
					<Setting Name="__SourceName">Toxic Life</Setting>
					<Setting Name="ATag">PreCast</Setting>
					<Setting Name="AType">Listen Only</Setting>
					<Setting Name="Named">TRUE</Setting>
					<Setting Name="Target">@Me</Setting>
					<Setting Name="Type">Heal</Setting>
				</Set>
				<Set Name="26">
					<Setting Name="__SourceName">Curse of Void</Setting>
					<Setting Name="Type">NamedDebuff</Setting>
				</Set>
				<Set Name="27">
					<Setting Name="__SourceName">Sanguine Sacrifice</Setting>
					<Setting Name="ID">TRUE</Setting>
					<Setting Name="Type">NamedCA</Setting>
				</Set>
				<Set Name="28">
					<Setting Name="__SourceName">------------------------------Boosts---------------------------------------------------------------</Setting>
					<Setting Name="Type">NamedCA</Setting>
				</Set>
				<Set Name="29">
					<Setting Name="__SourceName">Sanguine Sacrifice</Setting>
					<Setting Name="ID">TRUE</Setting>
					<Setting Name="Target">@Me</Setting>
					<Setting Name="Type">Combat</Setting>
				</Set>
				<Set Name="30">
					<Setting Name="__SourceName">Catalyst</Setting>
					<Setting Name="ID">TRUE</Setting>
					<Setting Name="Target">@Me</Setting>
					<Setting Name="Type">Combat</Setting>
				</Set>
				<Set Name="31">
					<Setting Name="__SourceName">Occult Bolt</Setting>
					<Setting Name="Type">CA</Setting>
				</Set>
				<Set Name="32">
					<Setting Name="__SourceName">Skull Focii</Setting>
					<Setting Name="IAE">TRUE</Setting>
					<Setting Name="ID">TRUE</Setting>
					<Setting Name="Type">CA</Setting>
				</Set>
				<Set Name="33">
					<Setting Name="__SourceName">Gift of Bertoxxulous</Setting>
					<Setting Name="ID">TRUE</Setting>
					<Setting Name="Target">@Me</Setting>
					<Setting Name="Type">Combat</Setting>
				</Set>
				<Set Name="34">
					<Setting Name="__SourceName">Focused Casting</Setting>
					<Setting Name="ID">TRUE</Setting>
					<Setting Name="Target">@Me</Setting>
					<Setting Name="Type">Combat</Setting>
				</Set>
				<Set Name="35">
					<Setting Name="__SourceName">------------------------------Main-Chain---------------------------------------------------------------</Setting>
					<Setting Name="Type">NamedCA</Setting>
				</Set>
				<Set Name="36">
					<Setting Name="#">2</Setting>
					<Setting Name="__SourceName">Caustic Detonation</Setting>
					<Setting Name="MAX">TRUE</Setting>
					<Setting Name="Type">CA</Setting>
				</Set>
				<Set Name="37">
					<Setting Name="#">2</Setting>
					<Setting Name="__SourceName">Unda Arcanus Spiritus</Setting>
					<Setting Name="Type">CA</Setting>
				</Set>
				<Set Name="38">
					<Setting Name="__SourceName">Toxic Assault</Setting>
					<Setting Name="MAX">TRUE</Setting>
					<Setting Name="Type">CA</Setting>
				</Set>
				<Set Name="39">
					<Setting Name="#">1</Setting>
					<Setting Name="__SourceName">Enhanced Cataclysm</Setting>
					<Setting Name="ID">TRUE</Setting>
					<Setting Name="Type">CA</Setting>
				</Set>
				<Set Name="40">
					<Setting Name="__SourceName">Draw from the Void</Setting>
					<Setting Name="Type">NamedCA</Setting>
				</Set>
				<Set Name="41">
					<Setting Name="__SourceName">Aura of Void</Setting>
					<Setting Name="ID">TRUE</Setting>
					<Setting Name="Type">CA</Setting>
				</Set>
				<Set Name="42">
					<Setting Name="#">1</Setting>
					<Setting Name="__SourceName">Dark Aggravation</Setting>
					<Setting Name="Type">CA</Setting>
				</Set>
				<Set Name="43">
					<Setting Name="__SourceName">Freehand Sorcery</Setting>
					<Setting Name="ID">TRUE</Setting>
					<Setting Name="Target">@Me</Setting>
					<Setting Name="Type">Combat</Setting>
				</Set>
				<Set Name="44">
					<Setting Name="#">1</Setting>
					<Setting Name="__SourceName">Apocalypse</Setting>
					<Setting Name="ID">TRUE</Setting>
					<Setting Name="Type">CA</Setting>
				</Set>
				<Set Name="45">
					<Setting Name="#">1</Setting>
					<Setting Name="__SourceName">Cataclysm</Setting>
					<Setting Name="ID">TRUE</Setting>
					<Setting Name="Type">CA</Setting>
				</Set>
				<Set Name="46">
					<Setting Name="__SourceName">Plaguebringer</Setting>
					<Setting Name="Type">CA</Setting>
				</Set>
				<Set Name="47">
					<Setting Name="__SourceName">Acid</Setting>
					<Setting Name="ID">TRUE</Setting>
					<Setting Name="Type">NamedCA</Setting>
				</Set>
				<Set Name="48">
					<Setting Name="#">1</Setting>
					<Setting Name="__SourceName">Dark Siphoning</Setting>
					<Setting Name="Type">CA</Setting>
				</Set>
				<Set Name="49">
					<Setting Name="#">1</Setting>
					<Setting Name="__SourceName">Absolution</Setting>
					<Setting Name="Type">CA</Setting>
				</Set>
				<Set Name="50">
					<Setting Name="__SourceName">Ethernere Chains</Setting>
					<Setting Name="Type">CA</Setting>
				</Set>
				<Set Name="51">
					<Setting Name="#">1</Setting>
					<Setting Name="__SourceName">Rift</Setting>
					<Setting Name="Type">CA</Setting>
				</Set>
				<Set Name="52">
					<Setting Name="__SourceName">Dark Nebula</Setting>
					<Setting Name="Type">CA</Setting>
				</Set>
				<Set Name="53">
					<Setting Name="__SourceName">Dark Infestation</Setting>
					<Setting Name="ID">TRUE</Setting>
					<Setting Name="Type">CA</Setting>
				</Set>
				<Set Name="54">
					<Setting Name="__SourceName">Thunderclap</Setting>
					<Setting Name="Type">CA</Setting>
				</Set>
				<Set Name="55">
					<Setting Name="__SourceName">Acid Storm</Setting>
					<Setting Name="Type">CA</Setting>
				</Set>
				<Set Name="56">
					<Setting Name="#">1</Setting>
					<Setting Name="__SourceName">Anti-Life</Setting>
					<Setting Name="Type">NamedCA</Setting>
				</Set>
				<Set Name="57">
					<Setting Name="__SourceName">-------------------------------------------------------------------------------------------------</Setting>
					<Setting Name="Type">NamedCA</Setting>
				</Set>
			</Set>
			<Set Name="AbilityRotation">
				<Set Name="1">
					<Setting Name="-">10</Setting>
					<Setting Name="__SourceName">Glacial Freeze</Setting>
					<Setting Name="IRC">TRUE</Setting>
				</Set>
				<Set Name="2">
					<Setting Name="-">10</Setting>
					<Setting Name="__SourceName">Skull Focii</Setting>
					<Setting Name="I">TRUE</Setting>
					<Setting Name="Me">TRUE</Setting>
				</Set>
				<Set Name="3">
					<Setting Name="__Disabled">TRUE</Setting>
					<Setting Name="__SourceName">Brittle Armor</Setting>
					<Setting Name="IRC">TRUE</Setting>
				</Set>
				<Set Name="4">
					<Setting Name="__SourceName">Aura of Void</Setting>
					<Setting Name="Dur">31</Setting>
					<Setting Name="I">TRUE</Setting>
					<Setting Name="Me">TRUE</Setting>
				</Set>
				<Set Name="5">
					<Setting Name="__SourceName">Dark Infestation</Setting>
					<Setting Name="Dur">31</Setting>
					<Setting Name="I">TRUE</Setting>
					<Setting Name="Me">TRUE</Setting>
				</Set>
				<Set Name="6">
					<Setting Name="__SourceName">Eternal Damnation</Setting>
					<Setting Name="Dur">31</Setting>
					<Setting Name="I">TRUE</Setting>
					<Setting Name="Me">TRUE</Setting>
				</Set>
				<Set Name="7">
					<Setting Name="__SourceName">Curse of Void</Setting>
					<Setting Name="Dur">70</Setting>
					<Setting Name="I">TRUE</Setting>
					<Setting Name="Me">TRUE</Setting>
				</Set>
				<Set Name="8">
					<Setting Name="__Disabled">TRUE</Setting>
					<Setting Name="__SourceName">Toxic Life</Setting>
					<Setting Name="G">TRUE</Setting>
				</Set>
				<Set Name="9">
					<Setting Name="__SourceName">Withering</Setting>
					<Setting Name="IRC">TRUE</Setting>
				</Set>
				<Set Name="10">
					<Setting Name="__SourceName">Cataclysm</Setting>
					<Setting Name="Dur">3</Setting>
					<Setting Name="Me">TRUE</Setting>
				</Set>
			</Set>
			<Set Name="ItemRotation">
				<Set Name="1">
					<Setting Name="__IsItem">TRUE</Setting>
					<Setting Name="__ItemName">_EQUIPPED_Left Charm_21</Setting>
					<Setting Name="__SourceName">Item:_EQUIPPED_Left Charm_21</Setting>
					<Setting Name="Dur">20</Setting>
					<Setting Name="G">TRUE</Setting>
					<Setting Name="I">TRUE</Setting>
				</Set>
			</Set>
			<Set Name="Assist">
				<Set Name="1">
					<Setting Name="__SourceName">@Tank</Setting>
				</Set>
				<Set Name="2">
					<Setting Name="__SourceName">@DPS2</Setting>
				</Set>
			</Set>
			<Set Name="Precast">
				<Set Name="1">
					<Setting Name="__SourceName">Spellbind</Setting>
					<Setting Name="On">Toxic Assault</Setting>
				</Set>
				<Set Name="2">
					<Setting Name="__SourceName">Spellbind</Setting>
					<Setting Name="On">Rift</Setting>
				</Set>
				<Set Name="3">
					<Setting Name="__SourceName">Spellbind</Setting>
					<Setting Name="On">Unda Arcanus Spiritus</Setting>
				</Set>
				<Set Name="4">
					<Setting Name="__SourceName">Focused Casting</Setting>
					<Setting Name="On">Toxic Assault</Setting>
				</Set>
				<Set Name="5">
					<Setting Name="__SourceName">Focused Casting</Setting>
					<Setting Name="On">Cataclysm</Setting>
				</Set>
				<Set Name="6">
					<Setting Name="__SourceName">Freehand Sorcery</Setting>
					<Setting Name="On">Apocalypse</Setting>
				</Set>
				<Set Name="7">
					<Setting Name="__SourceName">Freehand Sorcery</Setting>
					<Setting Name="On">Toxic Assault</Setting>
				</Set>
				<Set Name="8">
					<Setting Name="__SourceName">Freehand Sorcery</Setting>
					<Setting Name="On">Unda Arcanus Spiritus</Setting>
				</Set>
			</Set>
			<Set Name="Loot">
				<Setting Name="checkbox_loot_ffaaccept">TRUE</Setting>
				<Setting Name="checkbox_loot_confirmnotrade">TRUE</Setting>
				<Setting Name="checkbox_loot_ffalooteverything">FALSE</Setting>
				<Setting Name="checkbox_loot_lo_enable">TRUE</Setting>
				<Setting Name="checkbox_loot_lo_looteverything">FALSE</Setting>
				<Setting Name="checkbox_loot_lo_adepts">TRUE</Setting>
				<Setting Name="checkbox_loot_lo_masters">TRUE</Setting>
				<Setting Name="checkbox_loot_lo_ancients">TRUE</Setting>
				<Setting Name="checkbox_loot_lo_illegiblescrolls">TRUE</Setting>
				<Setting Name="checkbox_loot_lo_loottradables">TRUE</Setting>
				<Setting Name="checkbox_loot_lo_smartassign">TRUE</Setting>
			</Set>
			<Set Name="OSA">
				<Setting Name="slider_osa_radius">51</Setting>
				<Setting Name="textentry_osa_radius">51</Setting>
				<Setting Name="checkbox_osa_targetsonly">TRUE</Setting>
			</Set>
			<Set Name="Announce">
				<Set Name="1">
					<Setting Name="__SourceName">Sanguine Sacrifice</Setting>
					<Setting Name="Target">Execute In Console</Setting>
					<Setting Name="Txt">OgreBotAPI:CastAbilityOnPlayer_Relay[enchanter, Timelord, MyName]</Setting>
				</Set>
			</Set>
			<Set Name="AutoHunt">
				<Setting Name="checkbox_autohunt_looppath">TRUE</Setting>
				<Setting Name="checkbox_autohunt_autohunt">FALSE</Setting>
				<Setting Name="textentry_autohunt_scanradius">25</Setting>
			</Set>
			<Set Name="Other">
				<Setting Name="combobox_other_curabledisable">NULL</Setting>
				<Setting Name="checkbox_other_curabledisable">FALSE</Setting>
				<Setting Name="checkbox_other_requestconfrontfearviauplink">TRUE</Setting>
				<Setting Name="checkbox_other_requestconfrontfearviagroup">FALSE</Setting>
				<Setting Name="checkbox_other_requestconfrontfearviaraid">FALSE</Setting>
				<Setting Name="textentry_other_requestconfrontfearviagroup">Need a confront fear</Setting>
				<Setting Name="textentry_other_requestconfrontfearviaraid">Need a confront fear</Setting>
				<Setting Name="checkbox_other_handlefieldmedic">TRUE</Setting>
			</Set>
			<Set Name="Warlock">
				<Setting Name="checkbox_warlock_darkaggravation">TRUE</Setting>
				<Setting Name="checkbox_warlock_darkaggravationdetcheck">TRUE</Setting>
				<Setting Name="checkbox_warlock_darkaggravationnamecheck">TRUE</Setting>
				<Setting Name="checkbox_warlock_myth">TRUE</Setting>
			</Set>
			<Set Name="Inquisitor">
				<Setting Name="checkbox_inquisitor_verdictepics">FALSE</Setting>
				<Setting Name="checkbox_inquisitor_verdictepicnamedonly">FALSE</Setting>
				<Setting Name="checkbox_inquisitor_verdictheroics">FALSE</Setting>
				<Setting Name="checkbox_inquisitor_verdictheroicnamedonly">FALSE</Setting>
			</Set>
			<Set Name="Debug">
				<Setting Name="checkbox_debug_casting">FALSE</Setting>
				<Setting Name="checkbox_debug_castingdetails">FALSE</Setting>
				<Setting Name="checkbox_debug_whatisthebotdoing">FALSE</Setting>
			</Set>
			<Set Name="AutoTarget">
				<Setting Name="checkbox_autotarget_enabled">FALSE</Setting>
				<Setting Name="slider_autotarget_scanradius">30</Setting>
				<Setting Name="slider_autotarget_rescantime">30</Setting>
				<Setting Name="slider_autotarget_scanheight">20</Setting>
				<Setting Name="checkbox_autotarget_outofcombatscanning">FALSE</Setting>
			</Set>
			<Set Name="Load">
				<Setting Name="checkbox_load_radaroff">TRUE</Setting>
				<Setting Name="checkbox_load_ogreirc">TRUE</Setting>
			</Set>
			<Set Name="LoadExecute">
				<Set Name="1">
					<Setting Name="__SourceName">eq2execute ics_playercombatautoface 0</Setting>
				</Set>
			</Set>
			<Set Name="OgreConsole">
				<Setting Name="textentry_ogreconsole_x">0</Setting>
				<Setting Name="textentry_ogreconsole_y">5</Setting>
				<Setting Name="textentry_ogreconsole_width">400</Setting>
				<Setting Name="textentry_ogreconsole_height">177</Setting>
				<Setting Name="checkbox_ogreconsole_neverautoopen">FALSE</Setting>
				<Setting Name="checkbox_ogreconsole_hideonload">TRUE</Setting>
			</Set>
			<Set Name="Ascension">
				<Setting Name="checkbox_ascension_glacialfreeze_announce">TRUE</Setting>
				<Setting Name="checkbox_ascension_glacialfreeze_announce_onlyifinraid">TRUE</Setting>
				<Setting Name="checkbox_ascension_glacialfreeze_announce_toirc">TRUE</Setting>
				<Setting Name="textentry_ascensionembargo_embargotime">1</Setting>
				<Setting Name="checkbox_ascension_glacialfreeze_noraidcomboing">TRUE</Setting>
				<Setting Name="checkbox_ascension_etherflash_preventport">TRUE</Setting>
			</Set>
			<Set Name="AscensionList">
				<Set Name="1">
					<Setting Name="__SourceName">30</Setting>
				</Set>
				<Set Name="2">
					<Setting Name="__SourceName">7</Setting>
				</Set>
			</Set>
			<Set Name="Items">
				<Set Name="1">
					<Setting Name="__SourceName">Blade of Shadowed Strife</Setting>
				</Set>
				<Set Name="2">
					<Setting Name="__SourceName">Bolstered Manafused Cover</Setting>
				</Set>
				<Set Name="3">
					<Setting Name="__SourceName">Crown of Hatred</Setting>
				</Set>
				<Set Name="4">
					<Setting Name="__SourceName">Dauntless Cure Arcane</Setting>
				</Set>
				<Set Name="5">
					<Setting Name="__SourceName">Dauntless Cure Elemental</Setting>
				</Set>
				<Set Name="6">
					<Setting Name="__SourceName">Dauntless Cure Noxious</Setting>
				</Set>
				<Set Name="7">
					<Setting Name="__SourceName">Dauntless Cure Trauma</Setting>
				</Set>
				<Set Name="8">
					<Setting Name="__SourceName">Forceful Trinket of Heroic Will</Setting>
				</Set>
				<Set Name="9">
					<Setting Name="__SourceName">Liquefied Raw Magic</Setting>
				</Set>
				<Set Name="10">
					<Setting Name="__SourceName">Planar Manafused Cover</Setting>
				</Set>
				<Set Name="11">
					<Setting Name="__SourceName">Prophetic Manafused Cover</Setting>
				</Set>
				<Set Name="12">
					<Setting Name="__SourceName">Visage of Torment</Setting>
				</Set>
				<Set Name="13">
					<Setting Name="__SourceName">_EQUIPPED_Head_03</Setting>
				</Set>
				<Set Name="14">
					<Setting Name="__SourceName">_EQUIPPED_Left Charm_21</Setting>
				</Set>
				<Set Name="15">
					<Setting Name="__SourceName">_EQUIPPED_Right Charm_22</Setting>
				</Set>
			</Set>
			<Set Name="Overseer">
				<Setting Name="checkbox_overseer_skip_mishap">TRUE</Setting>
			</Set>
			<Set Name="Tags_AddNew">
				<Set Name="1">
					<Setting Name="__SourceName">PreCast</Setting>
				</Set>
			</Set>
			<Set Name="Tags">
				<Set Name="1">
					<Setting Name="__SourceName">PreCast</Setting>
					<Setting Name="I">TRUE</Setting>
				</Set>
			</Set>
			<Set Name="VampiricRequiem">
				<Set Name="1">
					<Setting Name="__SourceName">Acid Rain</Setting>
				</Set>
				<Set Name="2">
					<Setting Name="__SourceName">Grasp of Bertoxxulous</Setting>
				</Set>
				<Set Name="3">
					<Setting Name="__SourceName">Jubilant Familiar Infusion</Setting>
				</Set>
				<Set Name="4">
					<Setting Name="__SourceName">Monolithic Mercenary Infusion</Setting>
				</Set>
				<Set Name="5">
					<Setting Name="__SourceName">Scaled Protection</Setting>
				</Set>
				<Set Name="6">
					<Setting Name="__SourceName">Propagation</Setting>
				</Set>
				<Set Name="7">
					<Setting Name="__SourceName">Tolan's Darkwood Mount Infusion</Setting>
				</Set>
				<Set Name="8">
					<Setting Name="__SourceName">Dark Pact</Setting>
				</Set>
				<Set Name="9">
					<Setting Name="__SourceName">Negative Void</Setting>
				</Set>
				<Set Name="10">
					<Setting Name="__SourceName">Magi's Shielding</Setting>
				</Set>
				<Set Name="11">
					<Setting Name="__SourceName">Summon Gargoyle</Setting>
				</Set>
				<Set Name="12">
					<Setting Name="__SourceName">Summon Drake</Setting>
				</Set>
				<Set Name="13">
					<Setting Name="__SourceName">Summon Animated Tome</Setting>
				</Set>
			</Set>
			<Set Name="VampiricRequiemOptions">
				<Setting Name="checkbox_vampiricrequiem_enable">TRUE</Setting>
				<Setting Name="checkbox_vampiricrequiem_allowincombat">TRUE</Setting>
			</Set>
		</Set>
		<Set Name="Lock_DonatedProfile">
			<Set Name="Settings">
				<Setting Name="checkbox_settings_buffs">TRUE</Setting>
				<Setting Name="checkbox_settings_combatarts">TRUE</Setting>
				<Setting Name="checkbox_settings_namedcombatarts">TRUE</Setting>
				<Setting Name="checkbox_settings_rangedattack">TRUE</Setting>
				<Setting Name="checkbox_settings_autoattacktiming">FALSE</Setting>
				<Setting Name="checkbox_settings_meleeattack">TRUE</Setting>
				<Setting Name="checkbox_settings_ignoretargettoattackhealthcheck">TRUE</Setting>
				<Setting Name="checkbox_settings_loot">TRUE</Setting>
				<Setting Name="checkbox_settings_acceptloot">TRUE</Setting>
				<Setting Name="checkbox_settings_acceptres">TRUE</Setting>
				<Setting Name="checkbox_settings_prioritytab">TRUE</Setting>
				<Setting Name="checkbox_settings_acceptinvites">TRUE</Setting>
				<Setting Name="checkbox_settings_enablealiases">TRUE</Setting>
				<Setting Name="checkbox_settings_enableogremcp">TRUE</Setting>
				<Setting Name="checkbox_settings_enableonscreenassistant">FALSE</Setting>
				<Setting Name="checkbox_settings_enableannouncetab">TRUE</Setting>
				<Setting Name="checkbox_settings_raidoptions">TRUE</Setting>
				<Setting Name="checkbox_settings_grindoptions">TRUE</Setting>
				<Setting Name="checkbox_settings_encountersmartnukes">TRUE</Setting>
				<Setting Name="checkbox_settings_aesmartnukes">TRUE</Setting>
				<Setting Name="checkbox_settings_autotargetwhenhated">TRUE</Setting>
				<Setting Name="checkbox_settings_res">TRUE</Setting>
				<Setting Name="checkbox_settings_dopowerheals">TRUE</Setting>
				<Setting Name="checkbox_settings_assist">TRUE</Setting>
				<Setting Name="checkbox_settings_autofollow">TRUE</Setting>
				<Setting Name="checkbox_settings_chaintab">TRUE</Setting>
				<Setting Name="checkbox_settings_movetoarea">TRUE</Setting>
				<Setting Name="checkbox_settings_doho">FALSE</Setting>
				<Setting Name="checkbox_settings_facenpc">FALSE</Setting>
				<Setting Name="checkbox_settings_turnoffattack">TRUE</Setting>
				<Setting Name="checkbox_settings_mobpriestinfo">FALSE</Setting>
				<Setting Name="checkbox_settings_forcenamedcatab">FALSE</Setting>
				<Setting Name="checkbox_settings_acceptdungeonfinderisready">TRUE</Setting>
				<Setting Name="checkbox_settings_movebehind">FALSE</Setting>
				<Setting Name="checkbox_settings_moveinfront">FALSE</Setting>
				<Setting Name="checkbox_settings_disablecaststack_namedca">FALSE</Setting>
				<Setting Name="checkbox_settings_autospend_deitypoints">TRUE</Setting>
				<Setting Name="checkbox_settings_autocomplete_ascensioncombos">FALSE</Setting>
				<Setting Name="checkbox_settings_handle_hq_earring">FALSE</Setting>
				<Setting Name="checkbox_settings_summon_familiar">TRUE</Setting>
				<Setting Name="checkbox_settings_autospend_skipcb">FALSE</Setting>
				<Setting Name="checkbox_settings_autospend_skipstamina">TRUE</Setting>
				<Setting Name="checkbox_settings_disableabilitycollisionchecks">TRUE</Setting>
				<Setting Name="checkbox_settings_autospend_skippotency">TRUE</Setting>
				<Setting Name="checkbox_settings_ascension_embargo_and_combos">FALSE</Setting>
				<Setting Name="checkbox_settings_ignoremovetoattackhealthcheck">TRUE</Setting>
				<Setting Name="checkbox_settings_movemelee">FALSE</Setting>
				<Setting Name="checkbox_settings_acceptnochoicerewards">TRUE</Setting>
				<Setting Name="checkbox_settings_enable_abilityrotate">TRUE</Setting>
				<Setting Name="checkbox_settings_disablecaststack_nameddebuff">FALSE</Setting>
				<Setting Name="checkbox_settings_globally_mute_abilityrotation">TRUE</Setting>
				<Setting Name="checkbox_settings_disable_cd_t4_weapons">TRUE</Setting>
				<Setting Name="checkbox_settings_accept_zonein_confirmation">TRUE</Setting>
				<Setting Name="checkbox_settings_dov_raid_debuff">FALSE</Setting>
				<Setting Name="checkbox_settings_skipcutscenes">TRUE</Setting>
				<Setting Name="checkbox_settings_acceptraidreadychecks">TRUE</Setting>
				<Setting Name="checkbox_settings_no_overseer">FALSE</Setting>
				<Setting Name="checkbox_settings_enable_tag_embargo">TRUE</Setting>
				<Setting Name="checkbox_settings_enable_tag_allow">TRUE</Setting>
				<Setting Name="checkbox_settings_enable_itemrotate">TRUE</Setting>
				<Setting Name="checkbox_settings_npc_cast_monitoring">TRUE</Setting>
				<Setting Name="checkbox_settings_castwhilemoving">TRUE</Setting>
				<Setting Name="checkbox_settings_enable_chatevents">TRUE</Setting>
				<Setting Name="checkbox_settings_enable_spawnevents">TRUE</Setting>
				<Setting Name="checkbox_settings_disable_dbc_claim">TRUE</Setting>
				<Setting Name="checkbox_settings_consumeitems">TRUE</Setting>
				<Setting Name="checkbox_settings_auto_use_temporary_mount_reduction">FALSE</Setting>
				<Setting Name="checkbox_settings_auto_use_temporary_research_reduction">FALSE</Setting>
				<Setting Name="checkbox_settings_auto_use_temporary_familiar_experience">FALSE</Setting>
				<Setting Name="checkbox_settings_autoshare_missions">TRUE</Setting>
				<Setting Name="checkbox_settings_disablecaststack_buffs">FALSE</Setting>
				<Setting Name="checkbox_settings_disablecaststack">FALSE</Setting>
				<Setting Name="checkbox_settings_disablecaststack_items">FALSE</Setting>
				<Setting Name="checkbox_settings_disablemercsupport">TRUE</Setting>
				<Setting Name="checkbox_settings_nointerrupts">FALSE</Setting>
				<Setting Name="checkbox_settings_ho_wheel_offensive_only">TRUE</Setting>
				<Setting Name="checkbox_settings_ho_wheel">TRUE</Setting>
				<Setting Name="checkbox_settings_disablecaststack_cure">FALSE</Setting>
				<Setting Name="checkbox_settings_display_ethereal_mission_info">FALSE</Setting>
				<Setting Name="checkbox_settings_ho_starter">TRUE</Setting>
				<Setting Name="checkbox_settings_cancelabilitiestogroupcure">TRUE</Setting>
				<Setting Name="checkbox_settings_enablepetsindropdowns">TRUE</Setting>
				<Setting Name="checkbox_settings_cancelinvisaftercombat">TRUE</Setting>
				<Setting Name="checkbox_settings_ho_start">FALSE</Setting>
				<Setting Name="checkbox_settings_disablecaststack_curecurse">FALSE</Setting>
				<Setting Name="checkbox_settings_nostuns">FALSE</Setting>
				<Setting Name="checkbox_settings_disablecaststack_ca">FALSE</Setting>
				<Setting Name="checkbox_settings_disablecaststack_combat">FALSE</Setting>
				<Setting Name="checkbox_settings_disablecaststack_debuff">FALSE</Setting>
				<Setting Name="checkbox_settings_ability_tracker">TRUE</Setting>
				<Setting Name="checkbox_settings_disable_mortal_coil">TRUE</Setting>
				<Setting Name="checkbox_settings_allow_specials_to_be_targets">TRUE</Setting>
				<Setting Name="checkbox_settings_use_reduced_stun_checks">TRUE</Setting>
				<Setting Name="checkbox_settings_do_not_show_available_setups">TRUE</Setting>
			</Set>
			<Set Name="Setup">
				<Setting Name="textentry_setup_percenttoattack">99</Setting>
				<Setting Name="textentry_setup_moveintoattackrangehealthpercent">99</Setting>
				<Setting Name="textentry_setup_petpercenttoattack">97</Setting>
				<Setting Name="textentry_setup_powertousecas">1</Setting>
				<Setting Name="textentry_setup_healthtousecas">1</Setting>
				<Setting Name="textentry_setup_percenttousemanastone">10</Setting>
				<Setting Name="textentry_setup_percenttouseshards">10</Setting>
				<Setting Name="textentry_setup_reswaittimer">2</Setting>
				<Setting Name="checkbox_setup_broadcasttellstouplink">FALSE</Setting>
				<Setting Name="checkbox_setup_receivetellsfromuplink">FALSE</Setting>
				<Setting Name="combobox_setup_autofollowname">NULL</Setting>
				<Setting Name="textentry_setup_moveintomeleerangemaxdistance">60</Setting>
				<Setting Name="textentry_setup_autofollowmaxdistance">60</Setting>
				<Setting Name="textentry_setup_spellrangeextender" />
				<Setting Name="textentry_setup_pbaetargets">3</Setting>
				<Setting Name="textentry_setup_encountertargets">3</Setting>
				<Setting Name="checkbox_setup_broadcastguildtouplink">FALSE</Setting>
				<Setting Name="checkbox_setup_playsoundonreceivetellsfromuplink">FALSE</Setting>
				<Setting Name="textentry_setup_turbo">4000</Setting>
			</Set>
			<Set Name="Aliases">
				<Set Name="1">
					<Setting Name="__SourceName">*DPS1</Setting>
					<Setting Name="For">fill this in</Setting>
				</Set>
				<Set Name="2">
					<Setting Name="__SourceName">*DPS2</Setting>
					<Setting Name="For">fill this in</Setting>
				</Set>
				<Set Name="3">
					<Setting Name="__SourceName">*DPS2</Setting>
					<Setting Name="For">fill this in</Setting>
				</Set>
				<Set Name="4">
					<Setting Name="__SourceName">*PF1</Setting>
					<Setting Name="For">fill this in</Setting>
				</Set>
				<Set Name="5">
					<Setting Name="__SourceName">*DPS1</Setting>
					<Setting Name="For">fill this in</Setting>
				</Set>
				<Set Name="6">
					<Setting Name="__SourceName">*PF1</Setting>
					<Setting Name="For">fill this in</Setting>
				</Set>
				<Set Name="7">
					<Setting Name="__SourceName">*DPS2</Setting>
					<Setting Name="For">fill this in</Setting>
				</Set>
			</Set>
			<Set Name="CastStack">
				<Set Name="1">
					<Setting Name="%">100</Setting>
					<Setting Name="__Disabled">TRUE</Setting>
					<Setting Name="__SourceName">Sprint</Setting>
					<Setting Name="Tag">Sprint</Setting>
					<Setting Name="Type">Heal</Setting>
				</Set>
				<Set Name="2">
					<Setting Name="__Disabled">TRUE</Setting>
					<Setting Name="__SourceName">Cure Magic</Setting>
					<Setting Name="Target">@Group</Setting>
					<Setting Name="Type">Cure</Setting>
				</Set>
				<Set Name="3">
					<Setting Name="__SourceName">------------------------------Buffs---------------------------------------------------------------</Setting>
					<Setting Name="Type">NamedCA</Setting>
				</Set>
				<Set Name="4">
					<Setting Name="__IsItem">TRUE</Setting>
					<Setting Name="__ItemName">_ADORN_Zimaran Rune: Zakir's Vampiric Requiem</Setting>
					<Setting Name="__SourceName">Item:_ADORN_Zimaran Rune: Zakir's Vampiric Requiem</Setting>
					<Setting Name="Type">Buff</Setting>
				</Set>
				<Set Name="5">
					<Setting Name="%">70</Setting>
					<Setting Name="__SourceName">Void Contract</Setting>
					<Setting Name="Type">PowerHeal</Setting>
				</Set>
				<Set Name="6">
					<Setting Name="__SourceName">Dark Pact</Setting>
					<Setting Name="Type">Buff</Setting>
				</Set>
				<Set Name="7">
					<Setting Name="__SourceName">Boon of the Damned</Setting>
					<Setting Name="Target">@Tank</Setting>
					<Setting Name="Type">Buff</Setting>
				</Set>
				<Set Name="8">
					<Setting Name="__SourceName">Boon of the Damned</Setting>
					<Setting Name="Target">@DPS1</Setting>
					<Setting Name="Type">Buff</Setting>
				</Set>
				<Set Name="9">
					<Setting Name="__SourceName">Grasp of Bertoxxulous</Setting>
					<Setting Name="Target">@Me</Setting>
					<Setting Name="Type">Buff</Setting>
				</Set>
				<Set Name="10">
					<Setting Name="__SourceName">Shroud of Bertoxxulous</Setting>
					<Setting Name="Conc">TRUE</Setting>
					<Setting Name="Target">@Tank</Setting>
					<Setting Name="Type">Buff</Setting>
				</Set>
				<Set Name="11">
					<Setting Name="__SourceName">Grasp of Bertoxxulous</Setting>
					<Setting Name="Target">*DPS1</Setting>
					<Setting Name="Type">Buff</Setting>
				</Set>
				<Set Name="12">
					<Setting Name="__SourceName">Oblivion Link</Setting>
					<Setting Name="Target">*DPS1</Setting>
					<Setting Name="Type">Buff</Setting>
				</Set>
				<Set Name="13">
					<Setting Name="__SourceName">Grasp of Bertoxxulous</Setting>
					<Setting Name="Target">*DPS2</Setting>
					<Setting Name="Type">Buff</Setting>
				</Set>
				<Set Name="14">
					<Setting Name="__SourceName">Grasp of Bertoxxulous</Setting>
					<Setting Name="Conc">TRUE</Setting>
					<Setting Name="Target">*PF1</Setting>
					<Setting Name="Type">Buff</Setting>
				</Set>
				<Set Name="15">
					<Setting Name="%">100</Setting>
					<Setting Name="__SourceName">Bonds of Blood</Setting>
					<Setting Name="ID">TRUE</Setting>
					<Setting Name="N_HP&lt;">95</Setting>
					<Setting Name="Type">Heal</Setting>
				</Set>
				<Set Name="16">
					<Setting Name="__SourceName">Distortion</Setting>
					<Setting Name="MP&lt;">30</Setting>
					<Setting Name="Tag">POWER</Setting>
					<Setting Name="Type">CA</Setting>
				</Set>
				<Set Name="17">
					<Setting Name="#">1</Setting>
					<Setting Name="__SourceName">Tainted Mutation</Setting>
					<Setting Name="ID">TRUE</Setting>
					<Setting Name="IE">TRUE</Setting>
					<Setting Name="N_HP&lt;">13</Setting>
					<Setting Name="Named">TRUE</Setting>
					<Setting Name="Tag">Tainted</Setting>
					<Setting Name="Type">NamedDebuff</Setting>
				</Set>
				<Set Name="18">
					<Setting Name="__Disabled">TRUE</Setting>
					<Setting Name="__IsItem">TRUE</Setting>
					<Setting Name="__ItemName">_EQUIPPED_Left Ring_10</Setting>
					<Setting Name="__SourceName">Item:_EQUIPPED_Left Ring_10</Setting>
					<Setting Name="Named">TRUE</Setting>
					<Setting Name="Tag">Ready Check</Setting>
					<Setting Name="Type">NamedCA</Setting>
				</Set>
				<Set Name="19">
					<Setting Name="__Disabled">TRUE</Setting>
					<Setting Name="__SourceName">-------------------------------------------------------------------------------</Setting>
					<Setting Name="Type">Buff</Setting>
				</Set>
				<Set Name="20">
					<Setting Name="__SourceName">Undeath</Setting>
					<Setting Name="Type">Buff</Setting>
				</Set>
				<Set Name="21">
					<Setting Name="__SourceName">Void Mastery</Setting>
					<Setting Name="Type">Buff</Setting>
				</Set>
				<Set Name="22">
					<Setting Name="__SourceName">Scaled Protection</Setting>
					<Setting Name="Type">Buff</Setting>
				</Set>
				<Set Name="23">
					<Setting Name="__SourceName">Summon Drake</Setting>
					<Setting Name="Type">Buff</Setting>
				</Set>
				<Set Name="24">
					<Setting Name="__Disabled">TRUE</Setting>
					<Setting Name="__SourceName">Summon Animated Tome</Setting>
					<Setting Name="Type">Buff</Setting>
				</Set>
				<Set Name="25">
					<Setting Name="__Disabled">TRUE</Setting>
					<Setting Name="__SourceName">Oblivion Link</Setting>
					<Setting Name="Target">@Tank</Setting>
					<Setting Name="Type">Buff</Setting>
				</Set>
				<Set Name="26">
					<Setting Name="__Disabled">TRUE</Setting>
					<Setting Name="__SourceName">Arcane Bewilderment</Setting>
					<Setting Name="Aggro&gt;">20</Setting>
					<Setting Name="Type">CA</Setting>
				</Set>
				<Set Name="27">
					<Setting Name="__SourceName">------------------------------Main-Chain---------------------------------------------------------------</Setting>
					<Setting Name="Type">NamedCA</Setting>
				</Set>
				<Set Name="28">
					<Setting Name="__SourceName">Perdition</Setting>
					<Setting Name="N_HP&lt;">99</Setting>
					<Setting Name="Named">TRUE</Setting>
					<Setting Name="Type">NamedCA</Setting>
				</Set>
				<Set Name="29">
					<Setting Name="__SourceName">Focused Casting</Setting>
					<Setting Name="ID">TRUE</Setting>
					<Setting Name="Type">CA</Setting>
				</Set>
				<Set Name="30">
					<Setting Name="__SourceName">Enhanced Cataclysm</Setting>
					<Setting Name="ID">TRUE</Setting>
					<Setting Name="Type">CA</Setting>
				</Set>
				<Set Name="31">
					<Setting Name="__SourceName">-------------------------------------------------------------------------------</Setting>
					<Setting Name="Type">Buff</Setting>
				</Set>
				<Set Name="32">
					<Setting Name="#">3</Setting>
					<Setting Name="__SourceName">Unda Arcanus Spiritus</Setting>
					<Setting Name="Tag">AOE</Setting>
					<Setting Name="Type">CA</Setting>
				</Set>
				<Set Name="33">
					<Setting Name="#">3</Setting>
					<Setting Name="__SourceName">Rift</Setting>
					<Setting Name="ID">TRUE</Setting>
					<Setting Name="Tag">AOE</Setting>
					<Setting Name="Type">CA</Setting>
				</Set>
				<Set Name="34">
					<Setting Name="#">3</Setting>
					<Setting Name="__SourceName">Mystical Field</Setting>
					<Setting Name="ID">TRUE</Setting>
					<Setting Name="Tag">AOE</Setting>
					<Setting Name="Type">CA</Setting>
				</Set>
				<Set Name="35">
					<Setting Name="#">3</Setting>
					<Setting Name="__SourceName">Dark Aggravation</Setting>
					<Setting Name="Tag">AOE</Setting>
					<Setting Name="Type">CA</Setting>
				</Set>
				<Set Name="36">
					<Setting Name="#">3</Setting>
					<Setting Name="__SourceName">Cataclysm</Setting>
					<Setting Name="ID">TRUE</Setting>
					<Setting Name="Tag">AOE</Setting>
					<Setting Name="Type">CA</Setting>
				</Set>
				<Set Name="37">
					<Setting Name="#">3</Setting>
					<Setting Name="__SourceName">Winter's Grip</Setting>
					<Setting Name="ID">TRUE</Setting>
					<Setting Name="Tag">AOE</Setting>
					<Setting Name="Type">CA</Setting>
				</Set>
				<Set Name="38">
					<Setting Name="#">3</Setting>
					<Setting Name="__SourceName">Desiccation</Setting>
					<Setting Name="IE">TRUE</Setting>
					<Setting Name="Tag">Ascension</Setting>
					<Setting Name="Type">CA</Setting>
				</Set>
				<Set Name="39">
					<Setting Name="__SourceName">-------------------------------------------------------------------------------</Setting>
					<Setting Name="Type">Buff</Setting>
				</Set>
				<Set Name="40">
					<Setting Name="__SourceName">Gift of Bertoxxulous</Setting>
					<Setting Name="ID">TRUE</Setting>
					<Setting Name="Type">CA</Setting>
				</Set>
				<Set Name="41">
					<Setting Name="#">1</Setting>
					<Setting Name="__SourceName">Dark Aggravation</Setting>
					<Setting Name="IAE">TRUE</Setting>
					<Setting Name="Type">CA</Setting>
				</Set>
				<Set Name="42">
					<Setting Name="__Disabled">TRUE</Setting>
					<Setting Name="__SourceName">Decimation</Setting>
					<Setting Name="ID">TRUE</Setting>
					<Setting Name="Named">TRUE</Setting>
					<Setting Name="Tag">180</Setting>
					<Setting Name="Type">NamedCA</Setting>
				</Set>
				<Set Name="43">
					<Setting Name="__SourceName">Apocalypse</Setting>
					<Setting Name="ID">TRUE</Setting>
					<Setting Name="Type">CA</Setting>
				</Set>
				<Set Name="44">
					<Setting Name="__SourceName">Plaguebringer</Setting>
					<Setting Name="Type">CA</Setting>
				</Set>
				<Set Name="45">
					<Setting Name="__SourceName">Dark Siphoning</Setting>
					<Setting Name="ID">TRUE</Setting>
					<Setting Name="Type">CA</Setting>
				</Set>
				<Set Name="46">
					<Setting Name="__SourceName">Netherlord</Setting>
					<Setting Name="Type">CA</Setting>
				</Set>
				<Set Name="47">
					<Setting Name="__SourceName">Occult Bolt</Setting>
					<Setting Name="Type">CA</Setting>
				</Set>
				<Set Name="48">
					<Setting Name="__SourceName">Acid</Setting>
					<Setting Name="Type">CA</Setting>
				</Set>
				<Set Name="49">
					<Setting Name="__SourceName">Dark Pyre</Setting>
					<Setting Name="Type">CA</Setting>
				</Set>
				<Set Name="50">
					<Setting Name="__SourceName">Dark Infestation</Setting>
					<Setting Name="Type">CA</Setting>
				</Set>
				<Set Name="51">
					<Setting Name="__SourceName">Acid Storm</Setting>
					<Setting Name="Type">CA</Setting>
				</Set>
				<Set Name="52">
					<Setting Name="__SourceName">Draw from the Void</Setting>
					<Setting Name="Named">TRUE</Setting>
					<Setting Name="Type">NamedCA</Setting>
				</Set>
				<Set Name="53">
					<Setting Name="#">1</Setting>
					<Setting Name="__SourceName">Absolution</Setting>
					<Setting Name="Type">CA</Setting>
				</Set>
				<Set Name="54">
					<Setting Name="__SourceName">Ambidexterous Casting</Setting>
					<Setting Name="Type">CA</Setting>
				</Set>
				<Set Name="55">
					<Setting Name="__SourceName">Dark Nebula</Setting>
					<Setting Name="ID">TRUE</Setting>
					<Setting Name="Type">CA</Setting>
				</Set>
				<Set Name="56">
					<Setting Name="__Disabled">TRUE</Setting>
					<Setting Name="__SourceName">-------------------------------------------------------------------------------</Setting>
					<Setting Name="Type">Buff</Setting>
				</Set>
				<Set Name="57">
					<Setting Name="#">1</Setting>
					<Setting Name="__Disabled">TRUE</Setting>
					<Setting Name="__SourceName">Cataclysm</Setting>
					<Setting Name="IAE">TRUE</Setting>
					<Setting Name="ID">TRUE</Setting>
					<Setting Name="Type">CA</Setting>
				</Set>
				<Set Name="58">
					<Setting Name="#">1</Setting>
					<Setting Name="__Disabled">TRUE</Setting>
					<Setting Name="__SourceName">Unda Arcanus Spiritus</Setting>
					<Setting Name="IAE">TRUE</Setting>
					<Setting Name="Type">CA</Setting>
				</Set>
				<Set Name="59">
					<Setting Name="#">1</Setting>
					<Setting Name="__Disabled">TRUE</Setting>
					<Setting Name="__SourceName">Winter's Grip</Setting>
					<Setting Name="IAE">TRUE</Setting>
					<Setting Name="ID">TRUE</Setting>
					<Setting Name="Type">CA</Setting>
				</Set>
				<Set Name="60">
					<Setting Name="#">1</Setting>
					<Setting Name="__SourceName">Virulent Outbreak</Setting>
					<Setting Name="ID">TRUE</Setting>
					<Setting Name="IE">TRUE</Setting>
					<Setting Name="Named">TRUE</Setting>
					<Setting Name="Tag">Ascension</Setting>
					<Setting Name="Type">NamedCA</Setting>
				</Set>
				<Set Name="61">
					<Setting Name="__Disabled">TRUE</Setting>
					<Setting Name="__SourceName">Curse of Void</Setting>
					<Setting Name="MAX">TRUE</Setting>
					<Setting Name="Type">CA</Setting>
				</Set>
				<Set Name="62">
					<Setting Name="__Disabled">TRUE</Setting>
					<Setting Name="__SourceName">-------------------------------------------------------------------------------</Setting>
					<Setting Name="Type">Buff</Setting>
				</Set>
				<Set Name="63">
					<Setting Name="__SourceName">Revocation of Life</Setting>
					<Setting Name="ID">TRUE</Setting>
					<Setting Name="Named">TRUE</Setting>
					<Setting Name="Tag">Ascension</Setting>
					<Setting Name="Type">NamedCA</Setting>
				</Set>
				<Set Name="64">
					<Setting Name="#">1</Setting>
					<Setting Name="__SourceName">Exsanguination</Setting>
					<Setting Name="ID">TRUE</Setting>
					<Setting Name="IE">TRUE</Setting>
					<Setting Name="Named">TRUE</Setting>
					<Setting Name="Tag">Ascension</Setting>
					<Setting Name="Type">NamedCA</Setting>
				</Set>
				<Set Name="65">
					<Setting Name="__SourceName">Septic Strike</Setting>
					<Setting Name="Named">TRUE</Setting>
					<Setting Name="Tag">Ascension</Setting>
					<Setting Name="Type">NamedCA</Setting>
				</Set>
				<Set Name="66">
					<Setting Name="#">1</Setting>
					<Setting Name="__SourceName">Anti-Life</Setting>
					<Setting Name="IE">TRUE</Setting>
					<Setting Name="Named">TRUE</Setting>
					<Setting Name="Tag">Ascension</Setting>
					<Setting Name="Type">NamedCA</Setting>
				</Set>
				<Set Name="67">
					<Setting Name="#">1</Setting>
					<Setting Name="__SourceName">Bloatfly</Setting>
					<Setting Name="ID">TRUE</Setting>
					<Setting Name="IE">TRUE</Setting>
					<Setting Name="Named">TRUE</Setting>
					<Setting Name="Type">NamedCA</Setting>
				</Set>
				<Set Name="68">
					<Setting Name="__SourceName">Blood Contract</Setting>
					<Setting Name="ID">TRUE</Setting>
					<Setting Name="Named">TRUE</Setting>
					<Setting Name="Tag">Ascension</Setting>
					<Setting Name="Type">NamedCA</Setting>
				</Set>
				<Set Name="69">
					<Setting Name="__SourceName">-------------------------------------------------------------------------------</Setting>
					<Setting Name="Type">Buff</Setting>
				</Set>
				<Set Name="70">
					<Setting Name="__SourceName">Negative Void</Setting>
					<Setting Name="Type">Buff</Setting>
				</Set>
				<Set Name="71">
					<Setting Name="__SourceName">Acid Rain</Setting>
					<Setting Name="Type">NonCombatBuff</Setting>
				</Set>
				<Set Name="72">
					<Setting Name="__SourceName">Guild Buff</Setting>
					<Setting Name="Type">NonCombatBuff</Setting>
				</Set>
				<Set Name="73">
					<Setting Name="__SourceName">Nullmail</Setting>
					<Setting Name="Type">NonCombatBuff</Setting>
				</Set>
				<Set Name="74">
					<Setting Name="__SourceName">Propagation</Setting>
					<Setting Name="Type">NonCombatBuff</Setting>
				</Set>
				<Set Name="75">
					<Setting Name="__SourceName">Magi's Shielding</Setting>
					<Setting Name="Type">NonCombatBuff</Setting>
				</Set>
				<Set Name="76">
					<Setting Name="__SourceName">Sanguine Embrace</Setting>
					<Setting Name="Type">NonCombatBuff</Setting>
				</Set>
				<Set Name="77">
					<Setting Name="__SourceName">Wroughtlands Smasher</Setting>
					<Setting Name="Type">NonCombatBuff</Setting>
				</Set>
				<Set Name="78">
					<Setting Name="__SourceName">Ballads of Zimara: Flawless Execution</Setting>
					<Setting Name="Type">NonCombatBuff</Setting>
				</Set>
				<Set Name="79">
					<Setting Name="__SourceName">French Slobberer</Setting>
					<Setting Name="Type">NonCombatBuff</Setting>
				</Set>
				<Set Name="80">
					<Setting Name="__SourceName">Summon Artisan's Gathering Goblin</Setting>
					<Setting Name="Type">NonCombatBuff</Setting>
				</Set>
				<Set Name="81">
					<Setting Name="__SourceName">Ring of Scale Familiar Infusion</Setting>
					<Setting Name="Type">NonCombatBuff</Setting>
				</Set>
				<Set Name="82">
					<Setting Name="__SourceName">Summon: Beloved of Bristlebane</Setting>
					<Setting Name="Type">NonCombatBuff</Setting>
				</Set>
				<Set Name="83">
					<Setting Name="__SourceName">Vah Shir Mount Infusion</Setting>
					<Setting Name="Type">NonCombatBuff</Setting>
				</Set>
				<Set Name="84">
					<Setting Name="__SourceName">Monolithic Mercenary Infusion</Setting>
					<Setting Name="Type">NonCombatBuff</Setting>
				</Set>
				<Set Name="85">
					<Setting Name="__SourceName">Mystical Overflow</Setting>
					<Setting Name="Type">NonCombatBuff</Setting>
				</Set>
				<Set Name="86">
					<Setting Name="__Disabled">TRUE</Setting>
					<Setting Name="__SourceName">Aspect of Darkness</Setting>
					<Setting Name="Conc">TRUE</Setting>
					<Setting Name="Type">NonCombatBuff</Setting>
				</Set>
			</Set>
			<Set Name="AbilityRotation">
				<Set Name="1">
					<Setting Name="-">10</Setting>
					<Setting Name="__SourceName">Glacial Freeze</Setting>
					<Setting Name="IRC">TRUE</Setting>
				</Set>
				<Set Name="2">
					<Setting Name="-">10</Setting>
					<Setting Name="__SourceName">Skull Focii</Setting>
					<Setting Name="I">TRUE</Setting>
					<Setting Name="Me">TRUE</Setting>
				</Set>
				<Set Name="3">
					<Setting Name="__SourceName">Brittle Armor</Setting>
					<Setting Name="IRC">TRUE</Setting>
				</Set>
				<Set Name="4">
					<Setting Name="__SourceName">Aura of Void</Setting>
					<Setting Name="Dur">31</Setting>
					<Setting Name="I">TRUE</Setting>
					<Setting Name="Me">TRUE</Setting>
				</Set>
				<Set Name="5">
					<Setting Name="__SourceName">Dark Infestation</Setting>
					<Setting Name="Dur">31</Setting>
					<Setting Name="I">TRUE</Setting>
					<Setting Name="Me">TRUE</Setting>
				</Set>
				<Set Name="6">
					<Setting Name="__SourceName">Eternal Damnation</Setting>
					<Setting Name="Dur">31</Setting>
					<Setting Name="I">TRUE</Setting>
					<Setting Name="Me">TRUE</Setting>
				</Set>
				<Set Name="7">
					<Setting Name="__SourceName">Curse of Void</Setting>
					<Setting Name="Dur">31</Setting>
					<Setting Name="I">TRUE</Setting>
					<Setting Name="Me">TRUE</Setting>
				</Set>
				<Set Name="8">
					<Setting Name="__SourceName">Toxic Life</Setting>
					<Setting Name="G">TRUE</Setting>
				</Set>
				<Set Name="9">
					<Setting Name="__SourceName">Withering</Setting>
					<Setting Name="IRC">TRUE</Setting>
				</Set>
			</Set>
			<Set Name="ItemRotation">
				<Set Name="1">
					<Setting Name="__IsItem">TRUE</Setting>
					<Setting Name="__ItemName">_EQUIPPED_Left Charm_21</Setting>
					<Setting Name="__SourceName">Item:_EQUIPPED_Left Charm_21</Setting>
					<Setting Name="Dur">20</Setting>
					<Setting Name="G">TRUE</Setting>
					<Setting Name="I">TRUE</Setting>
				</Set>
			</Set>
			<Set Name="Precast">
				<Set Name="1">
					<Setting Name="__Disabled">TRUE</Setting>
					<Setting Name="__SourceName">Focused Casting</Setting>
					<Setting Name="On">Rift</Setting>
				</Set>
				<Set Name="2">
					<Setting Name="__Disabled">TRUE</Setting>
					<Setting Name="__SourceName">Freehand Sorcery</Setting>
					<Setting Name="On">Rift</Setting>
				</Set>
				<Set Name="3">
					<Setting Name="__SourceName">Focused Casting</Setting>
					<Setting Name="On">Apocalypse</Setting>
				</Set>
				<Set Name="4">
					<Setting Name="__SourceName">Freehand Sorcery</Setting>
					<Setting Name="On">Apocalypse</Setting>
				</Set>
				<Set Name="5">
					<Setting Name="__Disabled">TRUE</Setting>
					<Setting Name="__SourceName">Aura of Void</Setting>
					<Setting Name="On">Occult Bolt</Setting>
				</Set>
				<Set Name="6">
					<Setting Name="__SourceName">Focused Casting</Setting>
					<Setting Name="On">Absolution</Setting>
				</Set>
				<Set Name="7">
					<Setting Name="__SourceName">Freehand Sorcery</Setting>
					<Setting Name="On">Absolution</Setting>
				</Set>
			</Set>
			<Set Name="Postcast">
				<Set Name="1">
					<Setting Name="__SourceName">Curse of Void</Setting>
					<Setting Name="After">Acid Storm</Setting>
				</Set>
				<Set Name="2">
					<Setting Name="__SourceName">Aura of Void</Setting>
					<Setting Name="After">Cataclysm</Setting>
				</Set>
				<Set Name="3">
					<Setting Name="__SourceName">Concussive</Setting>
					<Setting Name="After">Arcane Bewilderment</Setting>
				</Set>
				<Set Name="4">
					<Setting Name="__SourceName">Winter's Grip</Setting>
					<Setting Name="After">Ambidexterous Casting</Setting>
				</Set>
				<Set Name="5">
					<Setting Name="__SourceName">Decimation</Setting>
					<Setting Name="After">Rift</Setting>
				</Set>
				<Set Name="6">
					<Setting Name="__Disabled">TRUE</Setting>
					<Setting Name="__SourceName">Decimation</Setting>
					<Setting Name="After">Enhanced Cataclysm</Setting>
				</Set>
				<Set Name="7">
					<Setting Name="__Disabled">TRUE</Setting>
					<Setting Name="__SourceName">Rift</Setting>
					<Setting Name="After">Enhanced Cataclysm</Setting>
				</Set>
				<Set Name="8">
					<Setting Name="__Disabled">TRUE</Setting>
					<Setting Name="__SourceName">Apocalypse</Setting>
					<Setting Name="After">Enhanced Cataclysm</Setting>
				</Set>
				<Set Name="9">
					<Setting Name="__Disabled">TRUE</Setting>
					<Setting Name="__SourceName">Plaguebringer</Setting>
					<Setting Name="After">Enhanced Cataclysm</Setting>
				</Set>
				<Set Name="10">
					<Setting Name="__Disabled">TRUE</Setting>
					<Setting Name="__SourceName">Decimation</Setting>
					<Setting Name="After">Freehand Sorcery</Setting>
				</Set>
				<Set Name="11">
					<Setting Name="__Disabled">TRUE</Setting>
					<Setting Name="__SourceName">Apocalypse</Setting>
					<Setting Name="After">Focused Casting</Setting>
				</Set>
				<Set Name="12">
					<Setting Name="__Disabled">TRUE</Setting>
					<Setting Name="__SourceName">Rift</Setting>
					<Setting Name="After">Freehand Sorcery</Setting>
				</Set>
				<Set Name="13">
					<Setting Name="__Disabled">TRUE</Setting>
					<Setting Name="__SourceName">Plaguebringer</Setting>
					<Setting Name="After">Freehand Sorcery</Setting>
				</Set>
				<Set Name="14">
					<Setting Name="__Disabled">TRUE</Setting>
					<Setting Name="__SourceName">Decimation</Setting>
					<Setting Name="After">Focused Casting</Setting>
				</Set>
				<Set Name="15">
					<Setting Name="__Disabled">TRUE</Setting>
					<Setting Name="__SourceName">Apocalypse</Setting>
					<Setting Name="After">Focused Casting</Setting>
				</Set>
				<Set Name="16">
					<Setting Name="__Disabled">TRUE</Setting>
					<Setting Name="__SourceName">Rift</Setting>
					<Setting Name="After">Focused Casting</Setting>
				</Set>
				<Set Name="17">
					<Setting Name="__Disabled">TRUE</Setting>
					<Setting Name="__SourceName">Plaguebringer</Setting>
					<Setting Name="After">Focused Casting</Setting>
				</Set>
			</Set>
			<Set Name="Loot">
				<Setting Name="checkbox_loot_ffaaccept">TRUE</Setting>
				<Setting Name="checkbox_loot_confirmnotrade">TRUE</Setting>
				<Setting Name="checkbox_loot_ffalooteverything">TRUE</Setting>
				<Setting Name="checkbox_loot_lo_enable">TRUE</Setting>
				<Setting Name="checkbox_loot_lo_looteverything">TRUE</Setting>
				<Setting Name="checkbox_loot_lo_adepts">TRUE</Setting>
				<Setting Name="checkbox_loot_lo_masters">TRUE</Setting>
				<Setting Name="checkbox_loot_lo_ancients">TRUE</Setting>
				<Setting Name="checkbox_loot_lo_illegiblescrolls">TRUE</Setting>
				<Setting Name="checkbox_loot_lo_loottradables">TRUE</Setting>
				<Setting Name="checkbox_loot_lo_smartassign">TRUE</Setting>
				<Setting Name="checkbox_loot_lottoaccept">TRUE</Setting>
				<Setting Name="checkbox_loot_nbggreed">FALSE</Setting>
				<Setting Name="checkbox_loot_unpackstatusbag">TRUE</Setting>
				<Setting Name="checkbox_loot_nbgaccept">TRUE</Setting>
			</Set>
			<Set Name="OSA">
				<Setting Name="slider_osa_radius">51</Setting>
				<Setting Name="textentry_osa_radius">51</Setting>
				<Setting Name="checkbox_osa_targetsonly">TRUE</Setting>
			</Set>
			<Set Name="Announce">
				<Set Name="1">
					<Setting Name="__SourceName">Sanguine Sacrifice</Setting>
					<Setting Name="Target">Execute In Console</Setting>
					<Setting Name="Txt">OgreBotAPI:CastAbilityOnPlayer_Relay[enchanter, Timelord, MyName]</Setting>
				</Set>
			</Set>
			<Set Name="AutoHunt">
				<Setting Name="checkbox_autohunt_looppath">TRUE</Setting>
				<Setting Name="checkbox_autohunt_autohunt">FALSE</Setting>
				<Setting Name="textentry_autohunt_scanradius">25</Setting>
			</Set>
			<Set Name="Other">
				<Setting Name="combobox_other_curabledisable">NULL</Setting>
				<Setting Name="checkbox_other_curabledisable">FALSE</Setting>
				<Setting Name="checkbox_other_requestconfrontfearviauplink">FALSE</Setting>
				<Setting Name="checkbox_other_requestconfrontfearviagroup">FALSE</Setting>
				<Setting Name="checkbox_other_requestconfrontfearviaraid">FALSE</Setting>
				<Setting Name="textentry_other_requestconfrontfearviagroup">Need a confront fear</Setting>
				<Setting Name="textentry_other_requestconfrontfearviaraid">Need a confront fear</Setting>
				<Setting Name="checkbox_other_handlefieldmedic">TRUE</Setting>
			</Set>
			<Set Name="Warlock">
				<Setting Name="checkbox_warlock_darkaggravation">TRUE</Setting>
				<Setting Name="checkbox_warlock_darkaggravationdetcheck">TRUE</Setting>
				<Setting Name="checkbox_warlock_darkaggravationnamecheck">TRUE</Setting>
				<Setting Name="checkbox_warlock_myth">TRUE</Setting>
				<Setting Name="checkbox_warlock_donotforce_nomythondarksiphoning">FALSE</Setting>
			</Set>
			<Set Name="Inquisitor">
				<Setting Name="checkbox_inquisitor_verdictepics">FALSE</Setting>
				<Setting Name="checkbox_inquisitor_verdictepicnamedonly">FALSE</Setting>
				<Setting Name="checkbox_inquisitor_verdictheroics">FALSE</Setting>
				<Setting Name="checkbox_inquisitor_verdictheroicnamedonly">FALSE</Setting>
			</Set>
			<Set Name="Debug">
				<Setting Name="checkbox_debug_casting">FALSE</Setting>
				<Setting Name="checkbox_debug_castingdetails">FALSE</Setting>
				<Setting Name="checkbox_debug_whatisthebotdoing">FALSE</Setting>
			</Set>
			<Set Name="AutoTarget">
				<Setting Name="checkbox_autotarget_enabled">FALSE</Setting>
				<Setting Name="slider_autotarget_scanradius">25</Setting>
				<Setting Name="slider_autotarget_rescantime">30</Setting>
				<Setting Name="slider_autotarget_scanheight">50</Setting>
				<Setting Name="checkbox_autotarget_outofcombatscanning">FALSE</Setting>
			</Set>
			<Set Name="Load">
				<Setting Name="checkbox_load_radaroff">TRUE</Setting>
				<Setting Name="checkbox_load_ogreirc">TRUE</Setting>
			</Set>
			<Set Name="HUDs">
				<Setting Name="textentry_hud_pc_xpos">340</Setting>
				<Setting Name="textentry_hud_pc_ypos">700</Setting>
				<Setting Name="textentry_hud_npc_xpos">340</Setting>
				<Setting Name="textentry_hud_npc_ypos">600</Setting>
				<Setting Name="checkbox_hud_pc">FALSE</Setting>
				<Setting Name="checkbox_hud_npc">TRUE</Setting>
				<Setting Name="textentry_hud_group_xpos">340</Setting>
				<Setting Name="textentry_hud_group_ypos">615</Setting>
			</Set>
			<Set Name="OgreConsole">
				<Setting Name="textentry_ogreconsole_x">1100</Setting>
				<Setting Name="textentry_ogreconsole_y">1</Setting>
				<Setting Name="textentry_ogreconsole_width">535</Setting>
				<Setting Name="textentry_ogreconsole_height">113</Setting>
				<Setting Name="checkbox_ogreconsole_neverautoopen">FALSE</Setting>
				<Setting Name="checkbox_ogreconsole_hideonload">FALSE</Setting>
				<Setting Name="checkbox_ogreconsole_showonload">TRUE</Setting>
			</Set>
			<Set Name="ChatEvents">
				<Set Name="1">
					<Setting Name="__SourceName">Readied Up!</Setting>
					<Setting Name="Code">OgreBotAPI:CastAbility[{$Me.Name},Rift]</Setting>
					<Setting Name="Ding">TRUE</Setting>
					<Setting Name="OC">TRUE</Setting>
				</Set>
			</Set>
			<Set Name="Ascension">
				<Setting Name="checkbox_ascension_glacialfreeze_announce">FALSE</Setting>
				<Setting Name="checkbox_ascension_glacialfreeze_announce_onlyifinraid">FALSE</Setting>
				<Setting Name="checkbox_ascension_glacialfreeze_announce_toirc">FALSE</Setting>
				<Setting Name="textentry_ascensionembargo_embargotime">1</Setting>
				<Setting Name="checkbox_ascension_glacialfreeze_noraidcomboing">TRUE</Setting>
				<Setting Name="checkbox_ascension_etherflash_preventport">TRUE</Setting>
			</Set>
			<Set Name="AscensionList">
				<Set Name="1">
					<Setting Name="__SourceName">30</Setting>
				</Set>
				<Set Name="2">
					<Setting Name="__SourceName">7</Setting>
				</Set>
			</Set>
			<Set Name="Items">
				<Set Name="1">
					<Setting Name="__SourceName">Crystal of Manipulated Essence</Setting>
				</Set>
				<Set Name="2">
					<Setting Name="__SourceName">Effluvient Redoubtable Coif</Setting>
				</Set>
				<Set Name="3">
					<Setting Name="__SourceName">Flames of Yore</Setting>
				</Set>
				<Set Name="4">
					<Setting Name="__SourceName">Mastercrafted Zimaran Elixir of Tactics</Setting>
				</Set>
				<Set Name="5">
					<Setting Name="__SourceName">Mastercrafted Zimaran Painlink</Setting>
				</Set>
				<Set Name="6">
					<Setting Name="__SourceName">Poison Fingers</Setting>
				</Set>
				<Set Name="7">
					<Setting Name="__SourceName">Tenebrous Heart of Manipulation</Setting>
				</Set>
				<Set Name="8">
					<Setting Name="__SourceName">_ADORN_Zimaran Rune: Zakir's Vampiric Requiem</Setting>
				</Set>
				<Set Name="9">
					<Setting Name="__SourceName">_EQUIPPED_Head_03</Setting>
				</Set>
				<Set Name="10">
					<Setting Name="__SourceName">_EQUIPPED_Left Charm_21</Setting>
				</Set>
				<Set Name="11">
					<Setting Name="__SourceName">_EQUIPPED_Left Ring_10</Setting>
				</Set>
				<Set Name="12">
					<Setting Name="__SourceName">_EQUIPPED_Right Charm_22</Setting>
				</Set>
			</Set>
			<Set Name="Overseer">
				<Setting Name="checkbox_overseer_skip_mishap">TRUE</Setting>
				<Setting Name="checkbox_overseer_skip_celestial_quests">TRUE</Setting>
				<Setting Name="checkbox_overseer_skip_fabled_quests">TRUE</Setting>
				<Setting Name="checkbox_overseer_threaded">TRUE</Setting>
				<Setting Name="checkbox_overseer_guildhall_only">TRUE</Setting>
				<Setting Name="checkbox_overseer_no_overseer">FALSE</Setting>
			</Set>
			<Set Name="ConsumeItems">
				<Set Name="1">
					<Setting Name="__Disabled">TRUE</Setting>
					<Setting Name="__IsItem">TRUE</Setting>
					<Setting Name="__ItemName">Mastercrafted Zimaran Elixir of Tactics</Setting>
					<Setting Name="__SourceName">Item:Mastercrafted Zimaran Elixir of Tactics</Setting>
					<Setting Name="IC">TRUE</Setting>
				</Set>
				<Set Name="2">
					<Setting Name="__Disabled">TRUE</Setting>
					<Setting Name="__IsItem">TRUE</Setting>
					<Setting Name="__ItemName">Poison Fingers</Setting>
					<Setting Name="__SourceName">Item:Poison Fingers</Setting>
					<Setting Name="IC">TRUE</Setting>
				</Set>
				<Set Name="3">
					<Setting Name="__Disabled">TRUE</Setting>
					<Setting Name="__IsItem">TRUE</Setting>
					<Setting Name="__ItemName">Flames of Yore</Setting>
					<Setting Name="__SourceName">Item:Flames of Yore</Setting>
					<Setting Name="IC">TRUE</Setting>
				</Set>
			</Set>
			<Set Name="Tags_AddNew">
				<Set Name="1">
					<Setting Name="__SourceName">PreCast</Setting>
				</Set>
			</Set>
			<Set Name="Tags">
				<Set Name="1">
					<Setting Name="__SourceName">PreCast</Setting>
					<Setting Name="I">TRUE</Setting>
				</Set>
			</Set>
			<Set Name="VampiricRequiem">
				<Set Name="1">
					<Setting Name="__SourceName">Grasp of Bertoxxulous</Setting>
				</Set>
				<Set Name="2">
					<Setting Name="__SourceName">Dark Pact</Setting>
				</Set>
			</Set>
			<Set Name="VampiricRequiemOptions">
				<Setting Name="checkbox_vampiricrequiem_enable">TRUE</Setting>
			</Set>
		</Set>
	</Set>
</InnerSpaceSettings>
