<?xml version="1.0" encoding="UTF-8" ?>
<ISUI>
    <Window name='EQ2CooldownTracker' Template='Window'>
        <X>10</X>
        <Y>10</Y>
        <Border>0</Border>
        <StorePosition>1</StorePosition>
        <Resizable>1</Resizable>
		<Width>130</Width>
		<Height>150</Height>
		<Title>Cooldown Tracker</Title>
        <TitleBar template='window.Titlebar'>
            <Children>
                <Text Name="Title" Template="Window.TitleBar.Title">
                    <Alignment>Center</Alignment>
                    <Font>
                        <Color>FFFFFFFF</Color>
                        <Size>15</Size>
						<Bold />
                    </Font>
                </Text>
                
                <CommandButton name='Custom Quit Button' Template='window.Titlebar.Close'>
                    <X>r20</X>
                    <Y>0</Y>
                    <Width>20</Width>
                    <Height>20</Height>
                    <OnLeftClick>
                        if ${Script[EQ2CooldownTracker](exists)}
                          endscript eq2cooldowntracker
                    </OnLeftClick>
                </CommandButton>
            </Children>
        </TitleBar>
        <OnUnLoad>
          if ${Script[EQ2CooldownTracker](exists)}
            endscript eq2cooldowntracker
        </OnUnLoad>
        <OnLeftClick>
            This:SetFocus
        </OnLeftClick>
        <Children>
            <ListBox Name='lstboxCDlist' template='ListBox'>
  	    <Resizable>1</Resizable>
                <X>3</X>
                <Y>5</Y>
                <Width>445</Width>
                <Height>325</Height>
                <SortType>value</SortType>
                <Font>
                    <Name>Helvetica</Name>
                    <Size>20</Size>
                </Font>
                <BackgroundColor>0</BackgroundColor>
                <SelectionColor>0</SelectionColor>
            </ListBox>
        </Children>
    </Window>
</ISUI>