﻿<?xml version='1.0' encoding='UTF-8'?>
<!-- Generated by LavishSettings v2 -->
<InnerSpaceSettings>
	<Set Name="Profiles">
		<Set Name="BoZ_Fury">
			<Set Name="CastStack">
				<Set Name="1">
					<Setting Name="__IsItem">TRUE</Setting>
					<Setting Name="__ItemName">Plateaus Energy Inverter</Setting>
					<Setting Name="__SourceName">Item:Plateaus Energy Inverter</Setting>
					<Setting Name="ATag">Invert</Setting>
					<Setting Name="AType">Listen Only</Setting>
					<Setting Name="Type">CA</Setting>
				</Set>
				<Set Name="2">
					<Setting Name="__IsItem">TRUE</Setting>
					<Setting Name="__ItemName">_EQUIPPED_Neck_14</Setting>
					<Setting Name="__SourceName">Item:_EQUIPPED_Neck_14</Setting>
					<Setting Name="ATag">ColKnow</Setting>
					<Setting Name="AType">Listen Only</Setting>
					<Setting Name="RIE">TRUE</Setting>
					<Setting Name="Type">CA</Setting>
				</Set>
				<Set Name="3">
					<Setting Name="__SourceName">Natural Combustion</Setting>
					<Setting Name="Type">NamedCA</Setting>
				</Set>
				<Set Name="4">
					<Setting Name="#">1</Setting>
					<Setting Name="%">100</Setting>
					<Setting Name="__SourceName">Hibernation</Setting>
					<Setting Name="ATag">PreCastTag</Setting>
					<Setting Name="AType">Listen Only</Setting>
					<Setting Name="Target">@Me</Setting>
					<Setting Name="Type">Heal</Setting>
				</Set>
				<Set Name="5">
					<Setting Name="#">1</Setting>
					<Setting Name="%">100</Setting>
					<Setting Name="__SourceName">Autumn's Kiss</Setting>
					<Setting Name="ATag">PreCastTag</Setting>
					<Setting Name="AType">Listen Only</Setting>
					<Setting Name="Target">@Me</Setting>
					<Setting Name="Type">Heal</Setting>
				</Set>
				<Set Name="6">
					<Setting Name="#">1</Setting>
					<Setting Name="%">100</Setting>
					<Setting Name="__SourceName">Porcupine</Setting>
					<Setting Name="ATag">PreCastTag</Setting>
					<Setting Name="AType">Listen Only</Setting>
					<Setting Name="Target">@Me</Setting>
					<Setting Name="Type">Heal</Setting>
				</Set>
				<Set Name="7">
					<Setting Name="%">100</Setting>
					<Setting Name="__SourceName">Regrowth</Setting>
					<Setting Name="ATag">PreCastTag</Setting>
					<Setting Name="AType">Listen Only</Setting>
					<Setting Name="Target">Sophrona</Setting>
					<Setting Name="Type">Heal</Setting>
				</Set>
				<Set Name="8">
					<Setting Name="__Disabled">TRUE</Setting>
					<Setting Name="__SourceName">-------------------------------------------------------------------------------</Setting>
					<Setting Name="Type">Buff</Setting>
				</Set>
				<Set Name="9">
					<Setting Name="__Disabled">TRUE</Setting>
					<Setting Name="__IsItem">TRUE</Setting>
					<Setting Name="__ItemName">_EQUIPPED_Left Charm_21</Setting>
					<Setting Name="__SourceName">Item:_EQUIPPED_Left Charm_21</Setting>
					<Setting Name="RIE">TRUE</Setting>
					<Setting Name="Type">Buff</Setting>
				</Set>
				<Set Name="10">
					<Setting Name="__IsItem">TRUE</Setting>
					<Setting Name="__ItemName">_EQUIPPED_Right Charm_22</Setting>
					<Setting Name="__SourceName">Item:_EQUIPPED_Right Charm_22</Setting>
					<Setting Name="RIE">TRUE</Setting>
					<Setting Name="Type">Buff</Setting>
				</Set>
				<Set Name="11">
					<Setting Name="__Disabled">TRUE</Setting>
					<Setting Name="__IsItem">TRUE</Setting>
					<Setting Name="__ItemName">Wyrm Cursed Star Darkened Amulet</Setting>
					<Setting Name="__SourceName">Item:Wyrm Cursed Star Darkened Amulet</Setting>
					<Setting Name="N_HP&lt;">100</Setting>
					<Setting Name="RIE">TRUE</Setting>
					<Setting Name="Type">CA</Setting>
				</Set>
				<Set Name="12">
					<Setting Name="__Disabled">TRUE</Setting>
					<Setting Name="__IsItem">TRUE</Setting>
					<Setting Name="__ItemName">Forlorn Cure Arcane</Setting>
					<Setting Name="__SourceName">Item:Forlorn Cure Arcane</Setting>
					<Setting Name="Tag">CurePot</Setting>
					<Setting Name="Type">Cure</Setting>
				</Set>
				<Set Name="13">
					<Setting Name="__Disabled">TRUE</Setting>
					<Setting Name="__IsItem">TRUE</Setting>
					<Setting Name="__ItemName">Forlorn Cure Elemental</Setting>
					<Setting Name="__SourceName">Item:Forlorn Cure Elemental</Setting>
					<Setting Name="Tag">CurePot</Setting>
					<Setting Name="Type">Cure</Setting>
				</Set>
				<Set Name="14">
					<Setting Name="__Disabled">TRUE</Setting>
					<Setting Name="__IsItem">TRUE</Setting>
					<Setting Name="__ItemName">Forlorn Cure Noxious</Setting>
					<Setting Name="__SourceName">Item:Forlorn Cure Noxious</Setting>
					<Setting Name="Tag">CurePot</Setting>
					<Setting Name="Type">Cure</Setting>
				</Set>
				<Set Name="15">
					<Setting Name="__Disabled">TRUE</Setting>
					<Setting Name="__IsItem">TRUE</Setting>
					<Setting Name="__ItemName">Forlorn Cure Trauma</Setting>
					<Setting Name="__SourceName">Item:Forlorn Cure Trauma</Setting>
					<Setting Name="Tag">CurePot</Setting>
					<Setting Name="Type">Cure</Setting>
				</Set>
				<Set Name="16">
					<Setting Name="__Disabled">TRUE</Setting>
					<Setting Name="__SourceName">-------------------------------------------------------------------------------</Setting>
					<Setting Name="Type">Buff</Setting>
				</Set>
				<Set Name="17">
					<Setting Name="__Disabled">TRUE</Setting>
					<Setting Name="__SourceName">Cure</Setting>
					<Setting Name="Target">@Me</Setting>
					<Setting Name="Type">Cure</Setting>
				</Set>
				<Set Name="18">
					<Setting Name="#">2</Setting>
					<Setting Name="__SourceName">Tunare's Grace</Setting>
					<Setting Name="Tag">Cure</Setting>
					<Setting Name="Type">Cure</Setting>
				</Set>
				<Set Name="19">
					<Setting Name="#">2</Setting>
					<Setting Name="__SourceName">Abolishment</Setting>
					<Setting Name="Tag">Cure</Setting>
					<Setting Name="Type">Cure</Setting>
				</Set>
				<Set Name="20">
					<Setting Name="#">2</Setting>
					<Setting Name="__SourceName">Natural Cleanse</Setting>
					<Setting Name="Tag">Cure</Setting>
					<Setting Name="Type">Cure</Setting>
				</Set>
				<Set Name="21">
					<Setting Name="__SourceName">Primeval Awakening</Setting>
					<Setting Name="Target">@Tank</Setting>
					<Setting Name="Type">Res</Setting>
				</Set>
				<Set Name="22">
					<Setting Name="__SourceName">Primeval Awakening</Setting>
					<Setting Name="Target">@Healer1</Setting>
					<Setting Name="Type">Res</Setting>
				</Set>
				<Set Name="23">
					<Setting Name="__SourceName">Fierce Rousing</Setting>
					<Setting Name="Target">@Healer1</Setting>
					<Setting Name="Type">Res</Setting>
				</Set>
				<Set Name="24">
					<Setting Name="__SourceName">Primeval Awakening</Setting>
					<Setting Name="Target">@Group</Setting>
					<Setting Name="Type">Res</Setting>
				</Set>
				<Set Name="25">
					<Setting Name="__SourceName">Fierce Rousing</Setting>
					<Setting Name="Target">@Group</Setting>
					<Setting Name="Type">Res</Setting>
				</Set>
				<Set Name="26">
					<Setting Name="__SourceName">Cure Curse</Setting>
					<Setting Name="Target">@Group</Setting>
					<Setting Name="Type">CureCurse</Setting>
				</Set>
				<Set Name="27">
					<Setting Name="__SourceName">Cure Curse</Setting>
					<Setting Name="Target">@Raid</Setting>
					<Setting Name="Type">CureCurse</Setting>
				</Set>
				<Set Name="28">
					<Setting Name="__SourceName">Cure</Setting>
					<Setting Name="Tag">Cure</Setting>
					<Setting Name="Target">@Raid</Setting>
					<Setting Name="Type">Cure</Setting>
				</Set>
				<Set Name="29">
					<Setting Name="#">2</Setting>
					<Setting Name="%">50</Setting>
					<Setting Name="__SourceName">Feral Pulse</Setting>
					<Setting Name="Target">@Group</Setting>
					<Setting Name="Type">Heal</Setting>
				</Set>
				<Set Name="30">
					<Setting Name="%">50</Setting>
					<Setting Name="__SourceName">Sylvan Touch</Setting>
					<Setting Name="Target">@Group</Setting>
					<Setting Name="Type">Heal</Setting>
				</Set>
				<Set Name="31">
					<Setting Name="__SourceName">Hibernation</Setting>
					<Setting Name="Target">@Me</Setting>
					<Setting Name="Type">Combat</Setting>
				</Set>
				<Set Name="32">
					<Setting Name="#">1</Setting>
					<Setting Name="%">80</Setting>
					<Setting Name="__SourceName">Untamed Regeneration</Setting>
					<Setting Name="Target">@Group</Setting>
					<Setting Name="Type">Heal</Setting>
				</Set>
				<Set Name="33">
					<Setting Name="__Disabled">TRUE</Setting>
					<Setting Name="__SourceName">Autumn's Kiss</Setting>
					<Setting Name="ID">TRUE</Setting>
					<Setting Name="Target">@PCTarget</Setting>
					<Setting Name="Type">Combat</Setting>
				</Set>
				<Set Name="34">
					<Setting Name="__SourceName">Autumn's Kiss</Setting>
					<Setting Name="ID">TRUE</Setting>
					<Setting Name="Target">@Tank</Setting>
					<Setting Name="Type">Combat</Setting>
				</Set>
				<Set Name="35">
					<Setting Name="__Disabled">TRUE</Setting>
					<Setting Name="__SourceName">Pact of the Cheetah</Setting>
					<Setting Name="Named">TRUE</Setting>
					<Setting Name="Target">@Me</Setting>
					<Setting Name="Type">Combat</Setting>
				</Set>
				<Set Name="36">
					<Setting Name="__Disabled">TRUE</Setting>
					<Setting Name="__SourceName">Tortoise Shell</Setting>
					<Setting Name="Named">TRUE</Setting>
					<Setting Name="Target">@Me</Setting>
					<Setting Name="Type">Combat</Setting>
				</Set>
				<Set Name="37">
					<Setting Name="__SourceName">Autumn's Kiss</Setting>
					<Setting Name="Target">@Me</Setting>
					<Setting Name="Type">Combat</Setting>
				</Set>
				<Set Name="38">
					<Setting Name="__SourceName">Regrowth</Setting>
					<Setting Name="Target">@Tank</Setting>
					<Setting Name="Type">Combat</Setting>
				</Set>
				<Set Name="39">
					<Setting Name="__Disabled">TRUE</Setting>
					<Setting Name="__SourceName">Cure</Setting>
					<Setting Name="Tag">Cure</Setting>
					<Setting Name="Target">@Group</Setting>
					<Setting Name="Type">Cure</Setting>
				</Set>
				<Set Name="40">
					<Setting Name="__SourceName">Oblivion Link</Setting>
					<Setting Name="Target">@Enchanter</Setting>
					<Setting Name="Type">Buff</Setting>
				</Set>
				<Set Name="41">
					<Setting Name="__SourceName">Reprieve</Setting>
					<Setting Name="Type">Buff</Setting>
				</Set>
				<Set Name="42">
					<Setting Name="__SourceName">Thornskin</Setting>
					<Setting Name="Target">@Tank</Setting>
					<Setting Name="Type">Buff</Setting>
				</Set>
				<Set Name="43">
					<Setting Name="__SourceName">Primal Fury</Setting>
					<Setting Name="Type">Buff</Setting>
				</Set>
				<Set Name="44">
					<Setting Name="__SourceName">Spirit of the Bat</Setting>
					<Setting Name="Target">@Bard</Setting>
					<Setting Name="Type">Buff</Setting>
				</Set>
				<Set Name="45">
					<Setting Name="__SourceName">Pact of Nature</Setting>
					<Setting Name="Target">@Enchanter</Setting>
					<Setting Name="Type">Buff</Setting>
				</Set>
				<Set Name="46">
					<Setting Name="__SourceName">Wrath's Blessing</Setting>
					<Setting Name="Target">*G2Healer1</Setting>
					<Setting Name="Type">Buff</Setting>
				</Set>
				<Set Name="47">
					<Setting Name="__SourceName">Lucidity</Setting>
					<Setting Name="Target">@DPS1</Setting>
					<Setting Name="Type">Buff</Setting>
				</Set>
				<Set Name="48">
					<Setting Name="__SourceName">Lucidity</Setting>
					<Setting Name="Target">@Enchanter</Setting>
					<Setting Name="Type">Buff</Setting>
				</Set>
				<Set Name="49">
					<Setting Name="__SourceName">Lucidity</Setting>
					<Setting Name="Target">@Tank</Setting>
					<Setting Name="Type">Buff</Setting>
				</Set>
				<Set Name="50">
					<Setting Name="__SourceName">Force of Nature</Setting>
					<Setting Name="Target">@DPS1</Setting>
					<Setting Name="Type">Buff</Setting>
				</Set>
				<Set Name="51">
					<Setting Name="__SourceName">Force of Nature</Setting>
					<Setting Name="Target">@Tank</Setting>
					<Setting Name="Type">Buff</Setting>
				</Set>
				<Set Name="52">
					<Setting Name="#">6</Setting>
					<Setting Name="__SourceName">Stormbearer's Fury</Setting>
					<Setting Name="IAE">TRUE</Setting>
					<Setting Name="Type">CA</Setting>
				</Set>
				<Set Name="53">
					<Setting Name="__SourceName">Cloak of Divinity</Setting>
					<Setting Name="Type">NamedCA</Setting>
				</Set>
				<Set Name="54">
					<Setting Name="__SourceName">Animal Form</Setting>
					<Setting Name="Target">@DPS1</Setting>
					<Setting Name="Type">Combat</Setting>
				</Set>
				<Set Name="55">
					<Setting Name="__Disabled">TRUE</Setting>
					<Setting Name="__SourceName">Animal Form</Setting>
					<Setting Name="Target">@Enchanter</Setting>
					<Setting Name="Type">Combat</Setting>
				</Set>
				<Set Name="56">
					<Setting Name="__SourceName">Woodward</Setting>
					<Setting Name="N_HP&lt;">99</Setting>
					<Setting Name="Named">TRUE</Setting>
					<Setting Name="Target">@Me</Setting>
					<Setting Name="Type">Combat</Setting>
				</Set>
				<Set Name="57">
					<Setting Name="%">50</Setting>
					<Setting Name="__SourceName">Back into the Fray</Setting>
					<Setting Name="Target">*MT</Setting>
					<Setting Name="Type">Heal</Setting>
				</Set>
				<Set Name="58">
					<Setting Name="%">80</Setting>
					<Setting Name="__SourceName">Nature's Elixir</Setting>
					<Setting Name="Target">*MT</Setting>
					<Setting Name="Type">Heal</Setting>
				</Set>
				<Set Name="59">
					<Setting Name="%">80</Setting>
					<Setting Name="__SourceName">Nature's Salve</Setting>
					<Setting Name="Target">*MT</Setting>
					<Setting Name="Type">Heal</Setting>
				</Set>
				<Set Name="60">
					<Setting Name="__SourceName">Porcupine</Setting>
					<Setting Name="Type">CA</Setting>
				</Set>
				<Set Name="61">
					<Setting Name="__SourceName">Embodiment of Nature</Setting>
					<Setting Name="Type">NamedCA</Setting>
				</Set>
				<Set Name="62">
					<Setting Name="__SourceName">Rage of the Wild</Setting>
					<Setting Name="Type">CA</Setting>
				</Set>
				<Set Name="63">
					<Setting Name="__SourceName">Lightning Siphon</Setting>
					<Setting Name="Type">CA</Setting>
				</Set>
				<Set Name="64">
					<Setting Name="#">3</Setting>
					<Setting Name="__SourceName">Heart Of The Storm</Setting>
					<Setting Name="Type">CA</Setting>
				</Set>
				<Set Name="65">
					<Setting Name="#">3</Setting>
					<Setting Name="__SourceName">Stormbearer's Fury</Setting>
					<Setting Name="Type">CA</Setting>
				</Set>
				<Set Name="66">
					<Setting Name="__SourceName">Devour</Setting>
					<Setting Name="Type">NamedCA</Setting>
				</Set>
				<Set Name="67">
					<Setting Name="#">3</Setting>
					<Setting Name="__SourceName">Raging Whirlwind</Setting>
					<Setting Name="Type">CA</Setting>
				</Set>
				<Set Name="68">
					<Setting Name="#">2</Setting>
					<Setting Name="__SourceName">Heart Of The Storm</Setting>
					<Setting Name="Type">CA</Setting>
				</Set>
				<Set Name="69">
					<Setting Name="__SourceName">Thunderspike</Setting>
					<Setting Name="Type">CA</Setting>
				</Set>
				<Set Name="70">
					<Setting Name="#">2</Setting>
					<Setting Name="__SourceName">Raging Whirlwind</Setting>
					<Setting Name="Type">CA</Setting>
				</Set>
				<Set Name="71">
					<Setting Name="__SourceName">Primordial Strike</Setting>
					<Setting Name="Type">CA</Setting>
				</Set>
				<Set Name="72">
					<Setting Name="__SourceName">Nature Blade</Setting>
					<Setting Name="Type">CA</Setting>
				</Set>
				<Set Name="73">
					<Setting Name="__SourceName">Fae Fire</Setting>
					<Setting Name="Type">CA</Setting>
				</Set>
				<Set Name="74">
					<Setting Name="#">1</Setting>
					<Setting Name="__SourceName">Nature's Ravaging</Setting>
					<Setting Name="Type">NamedCA</Setting>
				</Set>
				<Set Name="75">
					<Setting Name="%">70</Setting>
					<Setting Name="__SourceName">Faith of the Fallen</Setting>
					<Setting Name="Target">@Group</Setting>
					<Setting Name="Type">Heal</Setting>
				</Set>
				<Set Name="76">
					<Setting Name="%">60</Setting>
					<Setting Name="__SourceName">Nature's Elixir</Setting>
					<Setting Name="Target">@Group</Setting>
					<Setting Name="Type">Heal</Setting>
				</Set>
				<Set Name="77">
					<Setting Name="%">60</Setting>
					<Setting Name="__SourceName">Nature's Salve</Setting>
					<Setting Name="Target">@Group</Setting>
					<Setting Name="Type">Heal</Setting>
				</Set>
				<Set Name="78">
					<Setting Name="#">1</Setting>
					<Setting Name="__SourceName">Stormbearer's Fury</Setting>
					<Setting Name="Type">CA</Setting>
				</Set>
				<Set Name="79">
					<Setting Name="__SourceName">Tempest</Setting>
					<Setting Name="Type">CA</Setting>
				</Set>
				<Set Name="80">
					<Setting Name="#">1</Setting>
					<Setting Name="__SourceName">Raging Whirlwind</Setting>
					<Setting Name="Type">CA</Setting>
				</Set>
				<Set Name="81">
					<Setting Name="#">1</Setting>
					<Setting Name="__SourceName">Wrath of Nature</Setting>
					<Setting Name="Type">CA</Setting>
				</Set>
				<Set Name="82">
					<Setting Name="__SourceName">Death Swarm</Setting>
					<Setting Name="Type">CA</Setting>
				</Set>
				<Set Name="83">
					<Setting Name="__SourceName">Thunderbolt</Setting>
					<Setting Name="Type">CA</Setting>
				</Set>
				<Set Name="84">
					<Setting Name="%">50</Setting>
					<Setting Name="__SourceName">Back into the Fray</Setting>
					<Setting Name="Target">@Raid</Setting>
					<Setting Name="Type">Heal</Setting>
				</Set>
				<Set Name="85">
					<Setting Name="%">70</Setting>
					<Setting Name="__SourceName">Nature's Elixir</Setting>
					<Setting Name="Target">@Raid</Setting>
					<Setting Name="Type">Heal</Setting>
				</Set>
				<Set Name="86">
					<Setting Name="%">70</Setting>
					<Setting Name="__SourceName">Nature's Salve</Setting>
					<Setting Name="Target">@Raid</Setting>
					<Setting Name="Type">Heal</Setting>
				</Set>
				<Set Name="87">
					<Setting Name="__SourceName">Fierce Rousing</Setting>
					<Setting Name="Target">@Group</Setting>
					<Setting Name="Type">Res</Setting>
				</Set>
				<Set Name="88">
					<Setting Name="__SourceName">Primeval Awakening</Setting>
					<Setting Name="Target">@Group</Setting>
					<Setting Name="Type">Res</Setting>
				</Set>
				<Set Name="89">
					<Setting Name="#">1</Setting>
					<Setting Name="__SourceName">Ball Lightning</Setting>
					<Setting Name="Type">CA</Setting>
				</Set>
				<Set Name="90">
					<Setting Name="#">1</Setting>
					<Setting Name="__SourceName">Ring of Fire</Setting>
					<Setting Name="Type">CA</Setting>
				</Set>
				<Set Name="91">
					<Setting Name="#">1</Setting>
					<Setting Name="__SourceName">Starnova</Setting>
					<Setting Name="Type">CA</Setting>
				</Set>
				<Set Name="92">
					<Setting Name="__SourceName">Uncontrollable Wrath</Setting>
					<Setting Name="Type">CA</Setting>
				</Set>
				<Set Name="93">
					<Setting Name="#">3</Setting>
					<Setting Name="__SourceName">Call of the Hunt</Setting>
					<Setting Name="Target">@Group</Setting>
					<Setting Name="Type">Res</Setting>
				</Set>
				<Set Name="94">
					<Setting Name="__SourceName">Hibernation</Setting>
					<Setting Name="Target">*MT</Setting>
					<Setting Name="Type">Combat</Setting>
				</Set>
				<Set Name="95">
					<Setting Name="__SourceName">Hibernation</Setting>
					<Setting Name="Target">@PCTarget</Setting>
					<Setting Name="Type">Combat</Setting>
				</Set>
				<Set Name="96">
					<Setting Name="__Disabled">TRUE</Setting>
					<Setting Name="__SourceName">-------------------------------------------------------------------------------</Setting>
					<Setting Name="Type">Buff</Setting>
				</Set>
				<Set Name="97">
					<Setting Name="__SourceName">Renewal of Ro: Domination</Setting>
					<Setting Name="Type">Buff</Setting>
				</Set>
				<Set Name="98">
					<Setting Name="__SourceName">Monolithic Mercenary Infusion</Setting>
					<Setting Name="Type">Buff</Setting>
				</Set>
				<Set Name="99">
					<Setting Name="__SourceName">Jubilant Familiar Infusion</Setting>
					<Setting Name="Type">Buff</Setting>
				</Set>
				<Set Name="100">
					<Setting Name="__SourceName">Vah Shir Mount Infusion</Setting>
					<Setting Name="Type">Buff</Setting>
				</Set>
				<Set Name="101">
					<Setting Name="__SourceName">French Slobberer</Setting>
					<Setting Name="Type">Buff</Setting>
				</Set>
				<Set Name="102">
					<Setting Name="__Disabled">TRUE</Setting>
					<Setting Name="__SourceName">Nature's Ferocity</Setting>
					<Setting Name="Type">Buff</Setting>
				</Set>
				<Set Name="103">
					<Setting Name="__SourceName">Undaunted</Setting>
					<Setting Name="Type">NonCombatBuff</Setting>
				</Set>
				<Set Name="104">
					<Setting Name="__SourceName">Forest Spirit</Setting>
					<Setting Name="Type">Buff</Setting>
				</Set>
				<Set Name="105">
					<Setting Name="__Disabled">TRUE</Setting>
					<Setting Name="__SourceName">Master of the Hunt</Setting>
					<Setting Name="Type">Buff</Setting>
				</Set>
				<Set Name="106">
					<Setting Name="__SourceName">Armor of Nature</Setting>
					<Setting Name="Type">Buff</Setting>
				</Set>
				<Set Name="107">
					<Setting Name="__SourceName">Peerless Predator</Setting>
					<Setting Name="Type">Buff</Setting>
				</Set>
				<Set Name="108">
					<Setting Name="__SourceName">Vortex of Nature</Setting>
					<Setting Name="Type">Buff</Setting>
				</Set>
				<Set Name="109">
					<Setting Name="__SourceName">Nature's Wrath</Setting>
					<Setting Name="Type">Buff</Setting>
				</Set>
				<Set Name="110">
					<Setting Name="__SourceName">Shapeshift: Treant</Setting>
					<Setting Name="Type">Buff</Setting>
				</Set>
				<Set Name="111">
					<Setting Name="__SourceName">Ferocity of the Eel</Setting>
					<Setting Name="Type">Buff</Setting>
				</Set>
				<Set Name="112">
					<Setting Name="__Disabled">TRUE</Setting>
					<Setting Name="__SourceName">Battle Prowess</Setting>
					<Setting Name="Type">Buff</Setting>
				</Set>
				<Set Name="113">
					<Setting Name="__SourceName">Infusion</Setting>
					<Setting Name="Type">Buff</Setting>
				</Set>
				<Set Name="114">
					<Setting Name="__SourceName">Master of Storms</Setting>
					<Setting Name="Type">Buff</Setting>
				</Set>
				<Set Name="115">
					<Setting Name="__SourceName">Casting Expertise</Setting>
					<Setting Name="Type">Buff</Setting>
				</Set>
				<Set Name="116">
					<Setting Name="__SourceName">Summon Artisan's Gathering Goblin</Setting>
					<Setting Name="Type">Buff</Setting>
				</Set>
				<Set Name="117">
					<Setting Name="__SourceName">Sanguine Embrace</Setting>
					<Setting Name="Type">Buff</Setting>
				</Set>
				<Set Name="118">
					<Setting Name="__SourceName">Guild Buff</Setting>
					<Setting Name="Type">NonCombatBuff</Setting>
				</Set>
				<Set Name="119">
					<Setting Name="__SourceName">Summon: Beloved of Bristlebane</Setting>
					<Setting Name="Type">Buff</Setting>
				</Set>
				<Set Name="120">
					<Setting Name="__SourceName">Wroughtlands Smasher</Setting>
					<Setting Name="Type">Buff</Setting>
				</Set>
				<Set Name="121">
					<Setting Name="__SourceName">Takish'Hiz Peafowl</Setting>
					<Setting Name="Type">Buff</Setting>
				</Set>
			</Set>
			<Set Name="AbilityRotation">
				<Set Name="1">
					<Setting Name="__SourceName">Glacial Freeze</Setting>
					<Setting Name="I">TRUE</Setting>
				</Set>
				<Set Name="2">
					<Setting Name="__SourceName">Brittle Armor</Setting>
					<Setting Name="Dur">44</Setting>
					<Setting Name="I">TRUE</Setting>
				</Set>
			</Set>
			<Set Name="Announce">
				<Set Name="1">
					<Setting Name="__SourceName">Tortoise Shell</Setting>
					<Setting Name="Target">Group</Setting>
					<Setting Name="Txt">Casting Tortoise Shell</Setting>
				</Set>
				<Set Name="2">
					<Setting Name="__SourceName">Cure Curse</Setting>
					<Setting Name="Target">Group</Setting>
					<Setting Name="Txt">Cure Curse on *Target*</Setting>
				</Set>
				<Set Name="3">
					<Setting Name="__SourceName">Cure Curse</Setting>
					<Setting Name="Target">Raid</Setting>
					<Setting Name="Txt">Cure Curse on *Target*</Setting>
				</Set>
				<Set Name="4">
					<Setting Name="__SourceName">Serene Symbol</Setting>
					<Setting Name="Target">Raid</Setting>
					<Setting Name="Txt">Casting Serene Symbol</Setting>
				</Set>
				<Set Name="5">
					<Setting Name="__SourceName">Pact of the Cheetah</Setting>
					<Setting Name="Target">Group</Setting>
					<Setting Name="Txt">Cheetah!</Setting>
				</Set>
				<Set Name="6">
					<Setting Name="__SourceName">Feral Tenacity</Setting>
					<Setting Name="Target">Group</Setting>
					<Setting Name="Txt">Death Save on *Target*</Setting>
				</Set>
				<Set Name="7">
					<Setting Name="__SourceName">Balanced Synergy</Setting>
					<Setting Name="Target">Group</Setting>
					<Setting Name="Txt">Balanced Synergy - Priest</Setting>
				</Set>
				<Set Name="8">
					<Setting Name="__SourceName">Glacial Freeze</Setting>
					<Setting Name="Target">Raid</Setting>
					<Setting Name="Txt">Casting *Ability*</Setting>
				</Set>
			</Set>
			<Set Name="AutoHunt">
				<Setting Name="checkbox_autohunt_pullspell1">TRUE</Setting>
				<Setting Name="combobox_autohunt_pullspell1">Death Swarm</Setting>
				<Setting Name="checkbox_autohunt_checkaggro">TRUE</Setting>
				<Setting Name="checkbox_autohunt_checkhp">TRUE</Setting>
				<Setting Name="checkbox_autohunt_checkmana">TRUE</Setting>
				<Setting Name="textentry_autohunt_checkhp">75</Setting>
				<Setting Name="textentry_autohunt_checkmana">75</Setting>
				<Setting Name="checkbox_autohunt_ignoregray">TRUE</Setting>
				<Setting Name="checkbox_autohunt_ignorered">TRUE</Setting>
				<Setting Name="checkbox_autohunt_autohunt">FALSE</Setting>
				<Setting Name="combobox_autohunt_pullspell2">Wrath</Setting>
				<Setting Name="checkbox_autohunt_pullspell2">TRUE</Setting>
			</Set>
			<Set Name="Other">
				<Setting Name="combobox_other_curabledisable">Howling with the Pack</Setting>
				<Setting Name="checkbox_other_curabledisable">TRUE</Setting>
				<Setting Name="checkbox_other_requestconfrontfearviauplink">TRUE</Setting>
				<Setting Name="checkbox_other_requestconfrontfearviaraid">FALSE</Setting>
				<Setting Name="textentry_other_requestconfrontfearviaraid">Need a confront fear</Setting>
				<Setting Name="checkbox_other_rezanyone">TRUE</Setting>
				<Setting Name="checkbox_other_donotcancelgroupcures">TRUE</Setting>
				<Setting Name="checkbox_other_handlefieldmedic">TRUE</Setting>
			</Set>
			<Set Name="Inquisitor">
				<Setting Name="checkbox_inquisitor_verdictepics">FALSE</Setting>
				<Setting Name="checkbox_inquisitor_verdictepicnamedonly">FALSE</Setting>
				<Setting Name="checkbox_inquisitor_verdictheroics">FALSE</Setting>
				<Setting Name="checkbox_inquisitor_verdictheroicnamedonly">FALSE</Setting>
			</Set>
			<Set Name="Debug">
				<Setting Name="checkbox_debug_casting">FALSE</Setting>
			</Set>
			<Set Name="Crowd_Control">
				<Set Name="1">
					<Setting Name="__SourceName">Charm Creature</Setting>
				</Set>
			</Set>
			<Set Name="Crowd_Control_Settings">
				<Setting Name="checkbox_crowd_control_settings_allowepics">TRUE</Setting>
			</Set>
			<Set Name="AutoTarget">
				<Setting Name="slider_autotarget_scanradius">10</Setting>
				<Setting Name="slider_autotarget_rescantime">236</Setting>
				<Setting Name="slider_autotarget_scanheight">15</Setting>
				<Setting Name="checkbox_autotarget_enabled">FALSE</Setting>
			</Set>
			<Set Name="Load">
				<Setting Name="checkbox_load_radaroff">TRUE</Setting>
				<Setting Name="checkbox_load_ogreirc">TRUE</Setting>
			</Set>
			<Set Name="LoadExecute">
				<Set Name="1">
					<Setting Name="__SourceName">eq2execute ics_playercombatautoface 0</Setting>
				</Set>
				<Set Name="2">
					<Setting Name="__Disabled">TRUE</Setting>
					<Setting Name="__SourceName">run Charm</Setting>
				</Set>
			</Set>
			<Set Name="OnZoneExecute">
				<Set Name="1">
					<Setting Name="__Disabled">TRUE</Setting>
					<Setting Name="__SourceName">run FieldMedic</Setting>
				</Set>
			</Set>
			<Set Name="EquipmentInfo">
				<Setting Name="combobox_equipmentinfo_charmoption1">Item:Shard of the Mountain</Setting>
				<Setting Name="combobox_equipmentinfo_charmoption2">Item:Cerebral Incubator</Setting>
			</Set>
			<Set Name="OgreConsole">
				<Setting Name="textentry_ogreconsole_x">483</Setting>
				<Setting Name="textentry_ogreconsole_y">851</Setting>
				<Setting Name="textentry_ogreconsole_width">632</Setting>
				<Setting Name="textentry_ogreconsole_height">177</Setting>
				<Setting Name="checkbox_ogreconsole_neverautoopen">TRUE</Setting>
				<Setting Name="checkbox_ogreconsole_hideonload">TRUE</Setting>
			</Set>
			<Set Name="AscensionList">
				<Set Name="1">
					<Setting Name="__SourceName">99</Setting>
				</Set>
			</Set>
			<Set Name="Items">
				<Set Name="1">
					<Setting Name="__SourceName">Aggrandized Locus of the Realized Ambition</Setting>
				</Set>
				<Set Name="2">
					<Setting Name="__SourceName">Beefcake's Favorite Chew Toy</Setting>
				</Set>
				<Set Name="3">
					<Setting Name="__SourceName">Behind the Schemes</Setting>
				</Set>
				<Set Name="4">
					<Setting Name="__SourceName">Cerebral Incubator</Setting>
				</Set>
				<Set Name="5">
					<Setting Name="__SourceName">Ethos Enkindled Totem</Setting>
				</Set>
				<Set Name="6">
					<Setting Name="__SourceName">Forlorn Cure Arcane</Setting>
				</Set>
				<Set Name="7">
					<Setting Name="__SourceName">Forlorn Cure Elemental</Setting>
				</Set>
				<Set Name="8">
					<Setting Name="__SourceName">Forlorn Cure Noxious</Setting>
				</Set>
				<Set Name="9">
					<Setting Name="__SourceName">Forlorn Cure Trauma</Setting>
				</Set>
				<Set Name="10">
					<Setting Name="__SourceName">Magistrate's Machinations</Setting>
				</Set>
				<Set Name="11">
					<Setting Name="__SourceName">Plateaus Energy Inverter</Setting>
				</Set>
				<Set Name="12">
					<Setting Name="__SourceName">Scepter of Illumination</Setting>
				</Set>
				<Set Name="13">
					<Setting Name="__SourceName">Scepter of Shadows</Setting>
				</Set>
				<Set Name="14">
					<Setting Name="__SourceName">Shadowscream Essence of Clarity</Setting>
				</Set>
				<Set Name="15">
					<Setting Name="__SourceName">Shadowscream Scroll of Aptitude</Setting>
				</Set>
				<Set Name="16">
					<Setting Name="__SourceName">Shadowscream Scroll of Brawn</Setting>
				</Set>
				<Set Name="17">
					<Setting Name="__SourceName">Shadowscream Scroll of Grappling</Setting>
				</Set>
				<Set Name="18">
					<Setting Name="__SourceName">Shadowscream Scroll of Pugilism</Setting>
				</Set>
				<Set Name="19">
					<Setting Name="__SourceName">Shadowscream Scroll of Skirmishing</Setting>
				</Set>
				<Set Name="20">
					<Setting Name="__SourceName">Shard of the Mountain</Setting>
				</Set>
				<Set Name="21">
					<Setting Name="__SourceName">Unstable Void Crystal</Setting>
				</Set>
				<Set Name="22">
					<Setting Name="__SourceName">Wyrm Cursed Star Darkened Amulet</Setting>
				</Set>
				<Set Name="23">
					<Setting Name="__SourceName">_ADORN_Critical Thinking</Setting>
				</Set>
				<Set Name="24">
					<Setting Name="__SourceName">_ADORN_Heart of Luclin</Setting>
				</Set>
				<Set Name="25">
					<Setting Name="__SourceName">_ADORN_Renewal Rune: Vampiric Requiem</Setting>
				</Set>
				<Set Name="26">
					<Setting Name="__SourceName">_EQUIPPED_Left Charm_21</Setting>
				</Set>
				<Set Name="27">
					<Setting Name="__SourceName">_EQUIPPED_Neck_14</Setting>
				</Set>
				<Set Name="28">
					<Setting Name="__SourceName">_EQUIPPED_Right Charm_22</Setting>
				</Set>
			</Set>
			<Set Name="ConsumeItems">
				<Set Name="1">
					<Setting Name="__IsItem">TRUE</Setting>
					<Setting Name="__ItemName">Shadowscream Scroll of Pugilism</Setting>
					<Setting Name="__SourceName">Item:Shadowscream Scroll of Pugilism</Setting>
					<Setting Name="IC">TRUE</Setting>
				</Set>
				<Set Name="2">
					<Setting Name="__IsItem">TRUE</Setting>
					<Setting Name="__ItemName">Shadowscream Scroll of Skirmishing</Setting>
					<Setting Name="__SourceName">Item:Shadowscream Scroll of Skirmishing</Setting>
					<Setting Name="IC">TRUE</Setting>
				</Set>
				<Set Name="3">
					<Setting Name="__IsItem">TRUE</Setting>
					<Setting Name="__ItemName">Shadowscream Scroll of Aptitude</Setting>
					<Setting Name="__SourceName">Item:Shadowscream Scroll of Aptitude</Setting>
					<Setting Name="IC">TRUE</Setting>
				</Set>
			</Set>
			<Set Name="Tags_AddNew">
				<Set Name="1">
					<Setting Name="__SourceName">FastCast</Setting>
				</Set>
				<Set Name="2">
					<Setting Name="__SourceName">PreCastTag</Setting>
				</Set>
				<Set Name="3">
					<Setting Name="__SourceName">Ascension</Setting>
				</Set>
				<Set Name="4">
					<Setting Name="__SourceName">ColKnow</Setting>
				</Set>
				<Set Name="5">
					<Setting Name="__SourceName">EpicSpell</Setting>
				</Set>
				<Set Name="6">
					<Setting Name="__SourceName">Invert</Setting>
				</Set>
			</Set>
			<Set Name="Tags">
				<Set Name="1">
					<Setting Name="+">1</Setting>
					<Setting Name="__SourceName">FastCast</Setting>
					<Setting Name="I">TRUE</Setting>
					<Setting Name="Me">TRUE</Setting>
				</Set>
				<Set Name="2">
					<Setting Name="__SourceName">PreCastTag</Setting>
					<Setting Name="I">TRUE</Setting>
					<Setting Name="Me">TRUE</Setting>
				</Set>
				<Set Name="3">
					<Setting Name="__SourceName">Ascension</Setting>
					<Setting Name="Dur">6</Setting>
					<Setting Name="I">TRUE</Setting>
					<Setting Name="Me">TRUE</Setting>
				</Set>
				<Set Name="4">
					<Setting Name="__SourceName">ColKnow</Setting>
					<Setting Name="I">TRUE</Setting>
					<Setting Name="Me">TRUE</Setting>
				</Set>
				<Set Name="5">
					<Setting Name="__SourceName">EpicSpell</Setting>
					<Setting Name="I">TRUE</Setting>
					<Setting Name="Me">TRUE</Setting>
				</Set>
				<Set Name="6">
					<Setting Name="__SourceName">Invert</Setting>
					<Setting Name="I">TRUE</Setting>
					<Setting Name="Me">TRUE</Setting>
				</Set>
			</Set>
			<Set Name="AbilityTracker">
				<Set Name="1">
					<Setting Name="__SourceName">Natural Cleanse</Setting>
				</Set>
				<Set Name="2">
					<Setting Name="__SourceName">Pact of the Cheetah</Setting>
				</Set>
				<Set Name="3">
					<Setting Name="__SourceName">Tortoise Shell</Setting>
				</Set>
				<Set Name="4">
					<Setting Name="__SourceName">Rebirth</Setting>
				</Set>
			</Set>
			<Set Name="ProfileParts">
				<Set Name="1">
					<Setting Name="__SourceName">Ascension</Setting>
					<Setting Name="File">All_Profile.xml</Setting>
				</Set>
				<Set Name="2">
					<Setting Name="__SourceName">ItemRotation</Setting>
					<Setting Name="File">All_Profile.xml</Setting>
				</Set>
				<Set Name="3">
					<Setting Name="__SourceName">Overseer</Setting>
					<Setting Name="File">All_Profile.xml</Setting>
				</Set>
				<Set Name="4">
					<Setting Name="__SourceName">OverseerBuyMissions</Setting>
					<Setting Name="File">All_Profile.xml</Setting>
				</Set>
				<Set Name="5">
					<Setting Name="__SourceName">PackPony</Setting>
					<Setting Name="File">All_Profile.xml</Setting>
				</Set>
				<Set Name="6">
					<Setting Name="__SourceName">Setup</Setting>
					<Setting Name="File">NonTank_Profile.xml</Setting>
				</Set>
				<Set Name="7">
					<Setting Name="__SourceName">Settings</Setting>
					<Setting Name="File">NonTank_Profile.xml</Setting>
				</Set>
				<Set Name="8">
					<Setting Name="__SourceName">Loot</Setting>
					<Setting Name="File">NonTank_Profile.xml</Setting>
				</Set>
				<Set Name="9">
					<Setting Name="__SourceName">OSA</Setting>
					<Setting Name="File">NonTank_Profile.xml</Setting>
				</Set>
				<Set Name="10">
					<Setting Name="__SourceName">HUDs</Setting>
					<Setting Name="File">NonTank_Profile.xml</Setting>
				</Set>
				<Set Name="11">
					<Setting Name="__SourceName">Assist</Setting>
					<Setting Name="File">NonTank_Profile.xml</Setting>
				</Set>
				<Set Name="12">
					<Setting Name="__SourceName">Aliases</Setting>
					<Setting Name="File">All_Profile.xml</Setting>
				</Set>
			</Set>
			<Set Name="ProfilePartsSettings">
				<Setting Name="checkbox_profileparts_settings_enable">TRUE</Setting>
			</Set>
			<Set Name="HOExcludes">
				<Set Name="1">
					<Setting Name="__SourceName">Feral Tenacity</Setting>
				</Set>
			</Set>
			<Set Name="VampiricRequiem">
				<Set Name="1">
					<Setting Name="__SourceName">Armor of Nature</Setting>
				</Set>
				<Set Name="2">
					<Setting Name="__SourceName">Master of the Hunt</Setting>
				</Set>
				<Set Name="3">
					<Setting Name="__SourceName">Forest Spirit</Setting>
				</Set>
				<Set Name="4">
					<Setting Name="__SourceName">Peerless Predator</Setting>
				</Set>
				<Set Name="5">
					<Setting Name="__SourceName">Thornskin</Setting>
				</Set>
				<Set Name="6">
					<Setting Name="__SourceName">Primal Fury</Setting>
				</Set>
				<Set Name="7">
					<Setting Name="__SourceName">Spirit of the Bat</Setting>
				</Set>
			</Set>
			<Set Name="VampiricRequiemOptions">
				<Setting Name="checkbox_vampiricrequiem_enable">TRUE</Setting>
			</Set>
		</Set>
		<Setting Name="DefaultProfiles">BoZ_Fury</Setting>
	</Set>
</InnerSpaceSettings>
