﻿<?xml version='1.0' encoding='UTF-8'?>
<!-- Generated by LavishSettings v2 -->
<InnerSpaceSettings>
	<Set Name="Profiles">
		<Set Name="BoZ_Mystic">
			<Set Name="CastStack">
				<Set Name="1">
					<Setting Name="__IsItem">TRUE</Setting>
					<Setting Name="__ItemName">Plateaus Energy Inverter</Setting>
					<Setting Name="__SourceName">Item:Plateaus Energy Inverter</Setting>
					<Setting Name="ATag">Invert</Setting>
					<Setting Name="AType">Listen Only</Setting>
					<Setting Name="Type">CA</Setting>
				</Set>
				<Set Name="2">
					<Setting Name="__SourceName">Ancestral Bolster</Setting>
					<Setting Name="ATag">HexWard</Setting>
					<Setting Name="AType">Listen Only</Setting>
					<Setting Name="ID">TRUE</Setting>
					<Setting Name="Target">@Tank</Setting>
					<Setting Name="Type">Combat</Setting>
				</Set>
				<Set Name="3">
					<Setting Name="__IsItem">TRUE</Setting>
					<Setting Name="__ItemName">_EQUIPPED_Neck_14</Setting>
					<Setting Name="__SourceName">Item:_EQUIPPED_Neck_14</Setting>
					<Setting Name="ATag">ColKNow</Setting>
					<Setting Name="AType">Listen Only</Setting>
					<Setting Name="RIE">TRUE</Setting>
					<Setting Name="Type">CA</Setting>
				</Set>
				<Set Name="4">
					<Setting Name="#">1</Setting>
					<Setting Name="%">100</Setting>
					<Setting Name="__SourceName">Prophetic Ward</Setting>
					<Setting Name="ATag">PreCastTag</Setting>
					<Setting Name="AType">Listen Only</Setting>
					<Setting Name="Target">@Me</Setting>
					<Setting Name="Type">Heal</Setting>
				</Set>
				<Set Name="5">
					<Setting Name="#">1</Setting>
					<Setting Name="%">100</Setting>
					<Setting Name="__SourceName">Umbral Warding</Setting>
					<Setting Name="ATag">PreCastTag</Setting>
					<Setting Name="AType">Listen Only</Setting>
					<Setting Name="Target">@Me</Setting>
					<Setting Name="Type">Heal</Setting>
				</Set>
				<Set Name="6">
					<Setting Name="__Disabled">TRUE</Setting>
					<Setting Name="__SourceName">-------------------------------------------------------------------------------</Setting>
					<Setting Name="Type">Buff</Setting>
				</Set>
				<Set Name="7">
					<Setting Name="__Disabled">TRUE</Setting>
					<Setting Name="__IsItem">TRUE</Setting>
					<Setting Name="__ItemName">_EQUIPPED_Left Charm_21</Setting>
					<Setting Name="__SourceName">Item:_EQUIPPED_Left Charm_21</Setting>
					<Setting Name="RIE">TRUE</Setting>
					<Setting Name="Type">Buff</Setting>
				</Set>
				<Set Name="8">
					<Setting Name="__IsItem">TRUE</Setting>
					<Setting Name="__ItemName">_EQUIPPED_Right Charm_22</Setting>
					<Setting Name="__SourceName">Item:_EQUIPPED_Right Charm_22</Setting>
					<Setting Name="RIE">TRUE</Setting>
					<Setting Name="Type">Buff</Setting>
				</Set>
				<Set Name="9">
					<Setting Name="__Disabled">TRUE</Setting>
					<Setting Name="__IsItem">TRUE</Setting>
					<Setting Name="__ItemName">Wyrm Cursed Star Darkened Amulet</Setting>
					<Setting Name="__SourceName">Item:Wyrm Cursed Star Darkened Amulet</Setting>
					<Setting Name="N_HP&lt;">100</Setting>
					<Setting Name="RIE">TRUE</Setting>
					<Setting Name="Type">CA</Setting>
				</Set>
				<Set Name="10">
					<Setting Name="__Disabled">TRUE</Setting>
					<Setting Name="__IsItem">TRUE</Setting>
					<Setting Name="__ItemName">Forlorn Cure Arcane</Setting>
					<Setting Name="__SourceName">Item:Forlorn Cure Arcane</Setting>
					<Setting Name="Tag">CurePot</Setting>
					<Setting Name="Type">Cure</Setting>
				</Set>
				<Set Name="11">
					<Setting Name="__Disabled">TRUE</Setting>
					<Setting Name="__IsItem">TRUE</Setting>
					<Setting Name="__ItemName">Forlorn Cure Elemental</Setting>
					<Setting Name="__SourceName">Item:Forlorn Cure Elemental</Setting>
					<Setting Name="Tag">CurePot</Setting>
					<Setting Name="Type">Cure</Setting>
				</Set>
				<Set Name="12">
					<Setting Name="__Disabled">TRUE</Setting>
					<Setting Name="__IsItem">TRUE</Setting>
					<Setting Name="__ItemName">Forlorn Cure Noxious</Setting>
					<Setting Name="__SourceName">Item:Forlorn Cure Noxious</Setting>
					<Setting Name="Tag">CurePot</Setting>
					<Setting Name="Type">Cure</Setting>
				</Set>
				<Set Name="13">
					<Setting Name="__Disabled">TRUE</Setting>
					<Setting Name="__IsItem">TRUE</Setting>
					<Setting Name="__ItemName">Forlorn Cure Trauma</Setting>
					<Setting Name="__SourceName">Item:Forlorn Cure Trauma</Setting>
					<Setting Name="Tag">CurePot</Setting>
					<Setting Name="Type">Cure</Setting>
				</Set>
				<Set Name="14">
					<Setting Name="__Disabled">TRUE</Setting>
					<Setting Name="__SourceName">Cure</Setting>
					<Setting Name="Target">@Me</Setting>
					<Setting Name="Type">Cure</Setting>
				</Set>
				<Set Name="15">
					<Setting Name="__SourceName">Cure Curse</Setting>
					<Setting Name="Target">@Group</Setting>
					<Setting Name="Type">CureCurse</Setting>
				</Set>
				<Set Name="16">
					<Setting Name="__SourceName">Cure Curse</Setting>
					<Setting Name="Target">@Raid</Setting>
					<Setting Name="Type">CureCurse</Setting>
				</Set>
				<Set Name="17">
					<Setting Name="__Disabled">TRUE</Setting>
					<Setting Name="__SourceName">-------------------------------------------------------------------------------</Setting>
					<Setting Name="Type">Buff</Setting>
				</Set>
				<Set Name="18">
					<Setting Name="__SourceName">Recall of the Grey</Setting>
					<Setting Name="Target">@Bard</Setting>
					<Setting Name="Type">Res</Setting>
				</Set>
				<Set Name="19">
					<Setting Name="#">2</Setting>
					<Setting Name="__SourceName">Spirit Dance</Setting>
					<Setting Name="Target">@Group</Setting>
					<Setting Name="Type">Res</Setting>
				</Set>
				<Set Name="20">
					<Setting Name="__SourceName">Path of the Grey</Setting>
					<Setting Name="Target">@Bard</Setting>
					<Setting Name="Type">Res</Setting>
				</Set>
				<Set Name="21">
					<Setting Name="__SourceName">Bolster</Setting>
					<Setting Name="Target">*G1DPS1</Setting>
					<Setting Name="Type">Combat</Setting>
				</Set>
				<Set Name="22">
					<Setting Name="__SourceName">Mystical Hex Ward</Setting>
					<Setting Name="ATag">HexWard</Setting>
					<Setting Name="AType">Trigger Only</Setting>
					<Setting Name="Target">@Tank</Setting>
					<Setting Name="Type">Combat</Setting>
				</Set>
				<Set Name="23">
					<Setting Name="__SourceName">Umbral Warding</Setting>
					<Setting Name="Target">@Tank</Setting>
					<Setting Name="Type">Combat</Setting>
				</Set>
				<Set Name="24">
					<Setting Name="__SourceName">Umbral Warding</Setting>
					<Setting Name="Target">@Me</Setting>
					<Setting Name="Type">Combat</Setting>
				</Set>
				<Set Name="25">
					<Setting Name="__SourceName">Umbral Barrier</Setting>
					<Setting Name="Target">@Me</Setting>
					<Setting Name="Type">Combat</Setting>
				</Set>
				<Set Name="26">
					<Setting Name="__SourceName">Umbral Barrier</Setting>
					<Setting Name="Target">@Tank</Setting>
					<Setting Name="Type">Combat</Setting>
				</Set>
				<Set Name="27">
					<Setting Name="__Disabled">TRUE</Setting>
					<Setting Name="__SourceName">Umbral Barrier</Setting>
					<Setting Name="ID">TRUE</Setting>
					<Setting Name="Target">*MT</Setting>
					<Setting Name="Type">Combat</Setting>
				</Set>
				<Set Name="28">
					<Setting Name="#">2</Setting>
					<Setting Name="__SourceName">Ebbing Spirit</Setting>
					<Setting Name="Tag">Cure</Setting>
					<Setting Name="Type">Cure</Setting>
				</Set>
				<Set Name="29">
					<Setting Name="__SourceName">Ancestral Balm</Setting>
					<Setting Name="Tag">Cure</Setting>
					<Setting Name="Target">@Tank</Setting>
					<Setting Name="Type">Cure</Setting>
				</Set>
				<Set Name="30">
					<Setting Name="__SourceName">Ancestral Balm</Setting>
					<Setting Name="Tag">Cure</Setting>
					<Setting Name="Target">@Group</Setting>
					<Setting Name="Type">Cure</Setting>
				</Set>
				<Set Name="31">
					<Setting Name="__SourceName">Cure</Setting>
					<Setting Name="Tag">Cure</Setting>
					<Setting Name="Target">@Healer2</Setting>
					<Setting Name="Type">Cure</Setting>
				</Set>
				<Set Name="32">
					<Setting Name="__SourceName">Cure</Setting>
					<Setting Name="Tag">Cure</Setting>
					<Setting Name="Target">@Group</Setting>
					<Setting Name="Type">Cure</Setting>
				</Set>
				<Set Name="33">
					<Setting Name="__Disabled">TRUE</Setting>
					<Setting Name="__SourceName">-------------------------------------------------------------------------------</Setting>
					<Setting Name="Type">Buff</Setting>
				</Set>
				<Set Name="34">
					<Setting Name="__SourceName">Reprieve</Setting>
					<Setting Name="Type">Buff</Setting>
				</Set>
				<Set Name="35">
					<Setting Name="__SourceName">Premonition</Setting>
					<Setting Name="Target">@Tank</Setting>
					<Setting Name="Type">Buff</Setting>
				</Set>
				<Set Name="36">
					<Setting Name="__SourceName">Premonition</Setting>
					<Setting Name="Target">@Me</Setting>
					<Setting Name="Type">Buff</Setting>
				</Set>
				<Set Name="37">
					<Setting Name="__SourceName">Ancestral Avatar</Setting>
					<Setting Name="Target">@Me</Setting>
					<Setting Name="Type">Buff</Setting>
				</Set>
				<Set Name="38">
					<Setting Name="__SourceName">Ancestry</Setting>
					<Setting Name="Target">@Enchanter</Setting>
					<Setting Name="Type">Buff</Setting>
				</Set>
				<Set Name="39">
					<Setting Name="__SourceName">Oblivion Link</Setting>
					<Setting Name="Target">@DPS1</Setting>
					<Setting Name="Type">Buff</Setting>
				</Set>
				<Set Name="40">
					<Setting Name="__SourceName">Immunization</Setting>
					<Setting Name="Target">@Healer2</Setting>
					<Setting Name="Type">Combat</Setting>
				</Set>
				<Set Name="41">
					<Setting Name="__SourceName">Totemic Protection</Setting>
					<Setting Name="Target">@Me</Setting>
					<Setting Name="Type">Combat</Setting>
				</Set>
				<Set Name="42">
					<Setting Name="%">90</Setting>
					<Setting Name="__SourceName">Barrier of the Spirits</Setting>
					<Setting Name="Target">@Tank</Setting>
					<Setting Name="Type">Heal</Setting>
				</Set>
				<Set Name="43">
					<Setting Name="%">70</Setting>
					<Setting Name="__SourceName">Barrier of the Spirits</Setting>
					<Setting Name="Target">@Group</Setting>
					<Setting Name="Type">Heal</Setting>
				</Set>
				<Set Name="44">
					<Setting Name="%">95</Setting>
					<Setting Name="__Disabled">TRUE</Setting>
					<Setting Name="__SourceName">Ancestral Ward</Setting>
					<Setting Name="Target">@Group</Setting>
					<Setting Name="Type">Heal</Setting>
				</Set>
				<Set Name="45">
					<Setting Name="#">2</Setting>
					<Setting Name="%">90</Setting>
					<Setting Name="__SourceName">Prophetic Ward</Setting>
					<Setting Name="Target">@Group</Setting>
					<Setting Name="Type">Heal</Setting>
				</Set>
				<Set Name="46">
					<Setting Name="#">2</Setting>
					<Setting Name="%">20</Setting>
					<Setting Name="__Disabled">TRUE</Setting>
					<Setting Name="__SourceName">Spirit Tap</Setting>
					<Setting Name="Target">@Group</Setting>
					<Setting Name="Type">PowerHeal</Setting>
				</Set>
				<Set Name="47">
					<Setting Name="#">2</Setting>
					<Setting Name="%">70</Setting>
					<Setting Name="__SourceName">Transcendence</Setting>
					<Setting Name="Target">@Group</Setting>
					<Setting Name="Type">Heal</Setting>
				</Set>
				<Set Name="48">
					<Setting Name="%">10</Setting>
					<Setting Name="__SourceName">Ancestral Savior</Setting>
					<Setting Name="Target">@Tank</Setting>
					<Setting Name="Type">Heal</Setting>
				</Set>
				<Set Name="49">
					<Setting Name="#">1</Setting>
					<Setting Name="%">60</Setting>
					<Setting Name="__SourceName">Ancestral Channeling</Setting>
					<Setting Name="Target">@Group</Setting>
					<Setting Name="Type">Heal</Setting>
				</Set>
				<Set Name="50">
					<Setting Name="%">45</Setting>
					<Setting Name="__SourceName">Eidolic Ward</Setting>
					<Setting Name="Target">@Tank</Setting>
					<Setting Name="Type">Heal</Setting>
				</Set>
				<Set Name="51">
					<Setting Name="#">2</Setting>
					<Setting Name="%">45</Setting>
					<Setting Name="__SourceName">Wards of the Eidolon</Setting>
					<Setting Name="Target">@Group</Setting>
					<Setting Name="Type">Heal</Setting>
				</Set>
				<Set Name="52">
					<Setting Name="%">95</Setting>
					<Setting Name="__SourceName">Oberon</Setting>
					<Setting Name="Target">@Tank</Setting>
					<Setting Name="Type">Heal</Setting>
				</Set>
				<Set Name="53">
					<Setting Name="#">1</Setting>
					<Setting Name="__SourceName">Desiccation</Setting>
					<Setting Name="ETag">Ascension</Setting>
					<Setting Name="Type">NamedCA</Setting>
					<Setting Name="__Disabled">TRUE</Setting>
				</Set>
				<Set Name="54">
					<Setting Name="__SourceName">Glacial Strike</Setting>
					<Setting Name="Type">CA</Setting>
				</Set>
				<Set Name="55">
					<Setting Name="__SourceName">Rabies</Setting>
					<Setting Name="Type">CA</Setting>
				</Set>
				<Set Name="56">
					<Setting Name="#">1</Setting>
					<Setting Name="__SourceName">Tainted Mutation</Setting>
					<Setting Name="N_HP&lt;">8</Setting>
					<Setting Name="Type">NamedCA</Setting>
					<Setting Name="__Disabled">TRUE</Setting>
				</Set>
				<Set Name="57">
					<Setting Name="__SourceName">Cloak of Divinity</Setting>
					<Setting Name="Type">NamedCA</Setting>
				</Set>
				<Set Name="58">
					<Setting Name="__SourceName">Soul Shackle</Setting>
					<Setting Name="Type">CA</Setting>
				</Set>
				<Set Name="59">
					<Setting Name="__Disabled">TRUE</Setting>
					<Setting Name="__SourceName">Ancestral Ward</Setting>
					<Setting Name="Target">@Tank</Setting>
					<Setting Name="Type">Combat</Setting>
				</Set>
				<Set Name="60">
					<Setting Name="__SourceName">Ancestral Palisade</Setting>
					<Setting Name="N_HP&lt;">99</Setting>
					<Setting Name="Named">TRUE</Setting>
					<Setting Name="Target">@Me</Setting>
					<Setting Name="Type">Combat</Setting>
				</Set>
				<Set Name="61">
					<Setting Name="__SourceName">Stampede of the Herd</Setting>
					<Setting Name="Type">CA</Setting>
				</Set>
				<Set Name="62">
					<Setting Name="%">90</Setting>
					<Setting Name="__SourceName">Torpor</Setting>
					<Setting Name="Target">@Tank</Setting>
					<Setting Name="Type">Heal</Setting>
				</Set>
				<Set Name="63">
					<Setting Name="__SourceName">Ritual of Alacrity</Setting>
					<Setting Name="Target">@DPS1</Setting>
					<Setting Name="Type">Combat</Setting>
				</Set>
				<Set Name="64">
					<Setting Name="#">3</Setting>
					<Setting Name="__SourceName">Spirit Dance</Setting>
					<Setting Name="Target">@Raid</Setting>
					<Setting Name="Type">Res</Setting>
				</Set>
				<Set Name="65">
					<Setting Name="__SourceName">Recall of the Grey</Setting>
					<Setting Name="Target">@Bard</Setting>
					<Setting Name="Type">Res</Setting>
				</Set>
				<Set Name="66">
					<Setting Name="#">3</Setting>
					<Setting Name="__SourceName">Fields of the Grey</Setting>
					<Setting Name="Target">@Raid</Setting>
					<Setting Name="Type">Res</Setting>
				</Set>
				<Set Name="67">
					<Setting Name="__SourceName">Recall of the Grey</Setting>
					<Setting Name="Target">@Group</Setting>
					<Setting Name="Type">Res</Setting>
				</Set>
				<Set Name="68">
					<Setting Name="__SourceName">Path of the Grey</Setting>
					<Setting Name="Target">@Group</Setting>
					<Setting Name="Type">Res</Setting>
				</Set>
				<Set Name="69">
					<Setting Name="__SourceName">Dazing Bash</Setting>
					<Setting Name="Type">CA</Setting>
				</Set>
				<Set Name="70">
					<Setting Name="__SourceName">Plagueish Strike</Setting>
					<Setting Name="Type">CA</Setting>
				</Set>
				<Set Name="71">
					<Setting Name="%">25</Setting>
					<Setting Name="__SourceName">Barrier of the Spirits</Setting>
					<Setting Name="Target">@Tank</Setting>
					<Setting Name="Type">Heal</Setting>
				</Set>
				<Set Name="72">
					<Setting Name="%">66</Setting>
					<Setting Name="__SourceName">Ritual Healing</Setting>
					<Setting Name="ID">TRUE</Setting>
					<Setting Name="Target">@Group</Setting>
					<Setting Name="Type">Heal</Setting>
				</Set>
				<Set Name="73">
					<Setting Name="%">66</Setting>
					<Setting Name="__SourceName">Rejuvenation</Setting>
					<Setting Name="ID">TRUE</Setting>
					<Setting Name="Target">@Group</Setting>
					<Setting Name="Type">Heal</Setting>
				</Set>
				<Set Name="74">
					<Setting Name="#">3</Setting>
					<Setting Name="%">90</Setting>
					<Setting Name="__SourceName">Spirit Aegis</Setting>
					<Setting Name="Target">@Group</Setting>
					<Setting Name="Type">Heal</Setting>
				</Set>
				<Set Name="75">
					<Setting Name="%">30</Setting>
					<Setting Name="__SourceName">Barrier of the Spirits</Setting>
					<Setting Name="Target">@Group</Setting>
					<Setting Name="Type">Heal</Setting>
				</Set>
				<Set Name="76">
					<Setting Name="__Disabled">TRUE</Setting>
					<Setting Name="__IsItem">TRUE</Setting>
					<Setting Name="__ItemName">Scepter of Shadows</Setting>
					<Setting Name="__SourceName">Item:Scepter of Shadows</Setting>
					<Setting Name="Tag">Scepter</Setting>
					<Setting Name="Type">NamedCA</Setting>
				</Set>
				<Set Name="77">
					<Setting Name="#">1</Setting>
					<Setting Name="__SourceName">Echoes of the Ancients</Setting>
					<Setting Name="Type">CA</Setting>
				</Set>
				<Set Name="78">
					<Setting Name="__SourceName">Ancestral Ward</Setting>
					<Setting Name="Target">@Tank</Setting>
					<Setting Name="Type">Combat</Setting>
				</Set>
				<Set Name="79">
					<Setting Name="__SourceName">Ancestral Ward</Setting>
					<Setting Name="Target">@Enchanter</Setting>
					<Setting Name="Type">Combat</Setting>
				</Set>
				<Set Name="80">
					<Setting Name="__SourceName">Ancestral Ward</Setting>
					<Setting Name="Target">@DPS1</Setting>
					<Setting Name="Type">Combat</Setting>
				</Set>
				<Set Name="81">
					<Setting Name="__SourceName">Ancestral Ward</Setting>
					<Setting Name="Target">@Bard</Setting>
					<Setting Name="Type">Combat</Setting>
				</Set>
				<Set Name="82">
					<Setting Name="__SourceName">Ancestral Ward</Setting>
					<Setting Name="Target">@Healer2</Setting>
					<Setting Name="Type">Combat</Setting>
				</Set>
				<Set Name="83">
					<Setting Name="__SourceName">Ancestral Ward</Setting>
					<Setting Name="Target">@Me</Setting>
					<Setting Name="Type">Combat</Setting>
				</Set>
				<Set Name="84">
					<Setting Name="__Disabled">TRUE</Setting>
					<Setting Name="__SourceName">Revocation of Life</Setting>
					<Setting Name="ETag">Ascension</Setting>
					<Setting Name="Type">NamedCA</Setting>
				</Set>
				<Set Name="85">
					<Setting Name="#">1</Setting>
					<Setting Name="__Disabled">TRUE</Setting>
					<Setting Name="__SourceName">Exsanguination</Setting>
					<Setting Name="ETag">Ascension</Setting>
					<Setting Name="Type">NamedCA</Setting>
				</Set>
				<Set Name="86">
					<Setting Name="__Disabled">TRUE</Setting>
					<Setting Name="__SourceName">Blood Contract</Setting>
					<Setting Name="ETag">Ascension</Setting>
					<Setting Name="Type">NamedCA</Setting>
				</Set>
				<Set Name="87">
					<Setting Name="#">1</Setting>
					<Setting Name="__Disabled">TRUE</Setting>
					<Setting Name="__SourceName">Virulent Outbreak</Setting>
					<Setting Name="ETag">Ascension</Setting>
					<Setting Name="Type">NamedCA</Setting>
				</Set>
				<Set Name="88">
					<Setting Name="#">1</Setting>
					<Setting Name="__Disabled">TRUE</Setting>
					<Setting Name="__SourceName">Anti-Life</Setting>
					<Setting Name="ETag">Ascension</Setting>
					<Setting Name="Type">NamedCA</Setting>
				</Set>
				<Set Name="89">
					<Setting Name="#">1</Setting>
					<Setting Name="__Disabled">TRUE</Setting>
					<Setting Name="__SourceName">Bloatfly</Setting>
					<Setting Name="Tag">Ascension</Setting>
					<Setting Name="Type">NamedCA</Setting>
				</Set>
				<Set Name="90">
					<Setting Name="__Disabled">TRUE</Setting>
					<Setting Name="__SourceName">Septic Strike</Setting>
					<Setting Name="Tag">Ascension</Setting>
					<Setting Name="Type">NamedCA</Setting>
				</Set>
				<Set Name="91">
					<Setting Name="__Disabled">TRUE</Setting>
					<Setting Name="__SourceName">Leg Bite</Setting>
					<Setting Name="Type">CA</Setting>
				</Set>
				<Set Name="92">
					<Setting Name="__SourceName">Lamenting Soul</Setting>
					<Setting Name="Type">NamedCA</Setting>
				</Set>
				<Set Name="93">
					<Setting Name="__SourceName">Unyielding Retribution</Setting>
					<Setting Name="Type">CA</Setting>
				</Set>
				<Set Name="94">
					<Setting Name="__SourceName">Avenging Ancestors</Setting>
					<Setting Name="IAE">TRUE</Setting>
					<Setting Name="Type">CA</Setting>
				</Set>
				<Set Name="95">
					<Setting Name="__SourceName">Uncontrollable Wrath</Setting>
					<Setting Name="Type">CA</Setting>
				</Set>
				<Set Name="96">
					<Setting Name="__SourceName">Master's Smite</Setting>
					<Setting Name="Type">CA</Setting>
				</Set>
				<Set Name="97">
					<Setting Name="#">1</Setting>
					<Setting Name="__SourceName">Umbral Trap</Setting>
					<Setting Name="Type">NamedCA</Setting>
				</Set>
				<Set Name="98">
					<Setting Name="__SourceName">Slothful Spirit</Setting>
					<Setting Name="Type">CA</Setting>
				</Set>
				<Set Name="99">
					<Setting Name="__SourceName">Lunar Attendant</Setting>
					<Setting Name="Type">NamedCA</Setting>
				</Set>
				<Set Name="100">
					<Setting Name="__SourceName">Deteriorate</Setting>
					<Setting Name="Type">CA</Setting>
				</Set>
				<Set Name="101">
					<Setting Name="__SourceName">Plague</Setting>
					<Setting Name="ID">TRUE</Setting>
					<Setting Name="Type">CA</Setting>
				</Set>
				<Set Name="102">
					<Setting Name="__SourceName">Glacial Flames</Setting>
					<Setting Name="ID">TRUE</Setting>
					<Setting Name="Type">CA</Setting>
				</Set>
				<Set Name="103">
					<Setting Name="__SourceName">Umbral Barrier</Setting>
					<Setting Name="ID">TRUE</Setting>
					<Setting Name="Target">@PCTarget</Setting>
					<Setting Name="Type">Combat</Setting>
				</Set>
				<Set Name="104">
					<Setting Name="__Disabled">TRUE</Setting>
					<Setting Name="__SourceName">-------------------------------------------------------------------------------</Setting>
					<Setting Name="Type">Buff</Setting>
				</Set>
				<Set Name="105">
					<Setting Name="__SourceName">Renewal of Ro: Domination</Setting>
					<Setting Name="Type">Buff</Setting>
				</Set>
				<Set Name="106">
					<Setting Name="__SourceName">Monolithic Mercenary Infusion</Setting>
					<Setting Name="Type">Buff</Setting>
				</Set>
				<Set Name="107">
					<Setting Name="__SourceName">Jubilant Familiar Infusion</Setting>
					<Setting Name="Type">Buff</Setting>
				</Set>
				<Set Name="108">
					<Setting Name="__SourceName">Vah Shir Mount Infusion</Setting>
					<Setting Name="Type">Buff</Setting>
				</Set>
				<Set Name="109">
					<Setting Name="__SourceName">French Slobberer</Setting>
					<Setting Name="Type">Buff</Setting>
				</Set>
				<Set Name="110">
					<Setting Name="__SourceName">Summon Spirit Companion</Setting>
					<Setting Name="Type">NonCombatBuff</Setting>
				</Set>
				<Set Name="111">
					<Setting Name="__SourceName">Undaunted</Setting>
					<Setting Name="Type">NonCombatBuff</Setting>
				</Set>
				<Set Name="112">
					<Setting Name="__SourceName">Strength of the Ancestors</Setting>
					<Setting Name="Type">Buff</Setting>
				</Set>
				<Set Name="113">
					<Setting Name="__SourceName">Ancestral Mettle</Setting>
					<Setting Name="Type">Buff</Setting>
				</Set>
				<Set Name="114">
					<Setting Name="__SourceName">Battle Prowess</Setting>
					<Setting Name="Type">Buff</Setting>
				</Set>
				<Set Name="115">
					<Setting Name="__SourceName">Runic Armor</Setting>
					<Setting Name="Type">Buff</Setting>
				</Set>
				<Set Name="116">
					<Setting Name="__SourceName">Spiritual Warding</Setting>
					<Setting Name="Type">Buff</Setting>
				</Set>
				<Set Name="117">
					<Setting Name="__SourceName">Spirit of the Mammoth</Setting>
					<Setting Name="Type">Buff</Setting>
				</Set>
				<Set Name="118">
					<Setting Name="__SourceName">Ursine Avatar</Setting>
					<Setting Name="Type">Buff</Setting>
				</Set>
				<Set Name="119">
					<Setting Name="__Disabled">TRUE</Setting>
					<Setting Name="__SourceName">Shrink Servant</Setting>
					<Setting Name="Type">Buff</Setting>
				</Set>
				<Set Name="120">
					<Setting Name="__SourceName">Battle Prowess</Setting>
					<Setting Name="Type">Buff</Setting>
				</Set>
				<Set Name="121">
					<Setting Name="__SourceName">Immunities</Setting>
					<Setting Name="Type">Buff</Setting>
				</Set>
				<Set Name="122">
					<Setting Name="__SourceName">Ravenous Protector</Setting>
					<Setting Name="Type">Buff</Setting>
				</Set>
				<Set Name="123">
					<Setting Name="__SourceName">Coagulate</Setting>
					<Setting Name="Type">Buff</Setting>
				</Set>
				<Set Name="124">
					<Setting Name="__SourceName">Spiritfire</Setting>
					<Setting Name="Type">Buff</Setting>
				</Set>
				<Set Name="125">
					<Setting Name="__SourceName">Sanguine Embrace</Setting>
					<Setting Name="Type">Buff</Setting>
				</Set>
				<Set Name="126">
					<Setting Name="__SourceName">Guild Buff</Setting>
					<Setting Name="Type">Buff</Setting>
				</Set>
				<Set Name="127">
					<Setting Name="__SourceName">Summon: Beloved of Bristlebane</Setting>
					<Setting Name="Type">Buff</Setting>
				</Set>
				<Set Name="128">
					<Setting Name="__SourceName">Wroughtlands Smasher</Setting>
					<Setting Name="Type">Buff</Setting>
				</Set>
				<Set Name="129">
					<Setting Name="__SourceName">Takish'Hiz Peafowl</Setting>
					<Setting Name="Type">Buff</Setting>
				</Set>
				<Set Name="130">
					<Setting Name="__SourceName">Ancestral Support</Setting>
					<Setting Name="Target">@Me</Setting>
					<Setting Name="Type">Combat</Setting>
				</Set>
				<Set Name="131">
					<Setting Name="__Disabled">TRUE</Setting>
					<Setting Name="__SourceName">-------------------------------------------------------------------------------</Setting>
					<Setting Name="Type">Buff</Setting>
				</Set>
			</Set>
			<Set Name="Precast">
				<Set Name="1">
					<Setting Name="__SourceName">Cloak of Divinity</Setting>
					<Setting Name="On">Spirit Aegis</Setting>
				</Set>
				<Set Name="2">
					<Setting Name="__SourceName">Wards of the Eidolon</Setting>
					<Setting Name="On">Eidolic Ward</Setting>
				</Set>
				<Set Name="3">
					<Setting Name="__SourceName">Ritual</Setting>
					<Setting Name="On">Umbral Barrier</Setting>
				</Set>
			</Set>
			<Set Name="Announce">
				<Set Name="1">
					<Setting Name="__SourceName">Cure Curse</Setting>
					<Setting Name="Target">Group</Setting>
					<Setting Name="Txt">Cure Curse on *Target*</Setting>
				</Set>
				<Set Name="2">
					<Setting Name="__SourceName">Ancestral Savior</Setting>
					<Setting Name="Target">Group</Setting>
					<Setting Name="Txt">DP on *Target*</Setting>
				</Set>
				<Set Name="3">
					<Setting Name="__SourceName">Spirit Tap</Setting>
					<Setting Name="Target">Group</Setting>
					<Setting Name="Txt">Spirit Tap.</Setting>
				</Set>
				<Set Name="4">
					<Setting Name="__SourceName">Balanced Synergy</Setting>
					<Setting Name="Target">Group</Setting>
					<Setting Name="Txt">Balanced Synergy - Priest</Setting>
				</Set>
			</Set>
			<Set Name="Other">
				<Setting Name="combobox_other_curabledisable">Ancestral Support</Setting>
				<Setting Name="checkbox_other_curabledisable">TRUE</Setting>
				<Setting Name="checkbox_other_rezanyone">TRUE</Setting>
				<Setting Name="checkbox_other_requestconfrontfearviauplink">TRUE</Setting>
				<Setting Name="checkbox_other_requestconfrontfearviagroup">FALSE</Setting>
				<Setting Name="textentry_other_requestconfrontfearviagroup">CF</Setting>
				<Setting Name="checkbox_other_donotcancelgroupcures">TRUE</Setting>
				<Setting Name="checkbox_other_handlefieldmedic">TRUE</Setting>
			</Set>
			<Set Name="Warlock">
				<Setting Name="checkbox_warlock_myth">TRUE</Setting>
			</Set>
			<Set Name="Inquisitor">
				<Setting Name="checkbox_inquisitor_verdictepicnamedonly">FALSE</Setting>
				<Setting Name="checkbox_inquisitor_verdictheroicnamedonly">FALSE</Setting>
				<Setting Name="textentry_inquisitor_verdictepicnamedonlypercent">4</Setting>
				<Setting Name="textentry_inquisitor_verdictheroicnamedonlypercent">14</Setting>
				<Setting Name="textentry_inquisitor_verdictepicspercent">4</Setting>
				<Setting Name="textentry_inquisitor_verdictheroicspercent">14</Setting>
			</Set>
			<Set Name="Debug">
				<Setting Name="checkbox_debug_casting">FALSE</Setting>
				<Setting Name="checkbox_debug_castingextras">FALSE</Setting>
				<Setting Name="checkbox_debug_castingdetails">FALSE</Setting>
				<Setting Name="checkbox_debug_whatisthebotdoing">FALSE</Setting>
				<Setting Name="checkbox_debug_announce">FALSE</Setting>
				<Setting Name="checkbox_debug_chaintab">FALSE</Setting>
			</Set>
			<Set Name="AutoTarget">
				<Setting Name="checkbox_autotarget_enabled">FALSE</Setting>
				<Setting Name="slider_autotarget_scanradius">100</Setting>
				<Setting Name="slider_autotarget_scanheight">10</Setting>
				<Setting Name="slider_autotarget_rescantime">250</Setting>
			</Set>
			<Set Name="Load">
				<Setting Name="checkbox_load_radaroff">TRUE</Setting>
				<Setting Name="checkbox_load_ogreirc">TRUE</Setting>
				<Setting Name="checkbox_load_ogreircinterface">FALSE</Setting>
				<Setting Name="checkbox_load_ogreircuplink">TRUE</Setting>
			</Set>
			<Set Name="LoadExecute">
				<Set Name="1">
					<Setting Name="__SourceName">eq2execute ics_playercombatautoface 0</Setting>
				</Set>
				<Set Name="2">
					<Setting Name="__Disabled">TRUE</Setting>
					<Setting Name="__SourceName">run Charm</Setting>
				</Set>
			</Set>
			<Set Name="OnZoneExecute">
				<Set Name="1">
					<Setting Name="__Disabled">TRUE</Setting>
					<Setting Name="__SourceName">run FieldMedic</Setting>
				</Set>
			</Set>
			<Set Name="EquipmentInfo">
				<Setting Name="combobox_equipmentinfo_charmoption1">Item:Shard of the Mountain</Setting>
				<Setting Name="combobox_equipmentinfo_charmoption2">Item:Cerebral Incubator</Setting>
			</Set>
			<Set Name="OgreConsole">
				<Setting Name="checkbox_ogreconsole_hideonload">FALSE</Setting>
				<Setting Name="checkbox_ogreconsole_neverautoopen">TRUE</Setting>
				<Setting Name="checkbox_ogreconsole_connecttoirc">TRUE</Setting>
				<Setting Name="textentry_ogreconsole_x">483</Setting>
				<Setting Name="textentry_ogreconsole_y">851</Setting>
				<Setting Name="textentry_ogreconsole_width">632</Setting>
				<Setting Name="textentry_ogreconsole_height">177</Setting>
			</Set>
			<Set Name="Items">
				<Set Name="1">
					<Setting Name="__SourceName">Aggrandized Locus of the Realized Ambition</Setting>
				</Set>
				<Set Name="2">
					<Setting Name="__SourceName">Beefcake's Favorite Chew Toy</Setting>
				</Set>
				<Set Name="3">
					<Setting Name="__SourceName">Behind the Schemes</Setting>
				</Set>
				<Set Name="4">
					<Setting Name="__SourceName">Cerebral Incubator</Setting>
				</Set>
				<Set Name="5">
					<Setting Name="__SourceName">Ethos Enkindled Totem</Setting>
				</Set>
				<Set Name="6">
					<Setting Name="__SourceName">Forlorn Cure Arcane</Setting>
				</Set>
				<Set Name="7">
					<Setting Name="__SourceName">Forlorn Cure Elemental</Setting>
				</Set>
				<Set Name="8">
					<Setting Name="__SourceName">Forlorn Cure Noxious</Setting>
				</Set>
				<Set Name="9">
					<Setting Name="__SourceName">Forlorn Cure Trauma</Setting>
				</Set>
				<Set Name="10">
					<Setting Name="__SourceName">Holos Illuminated Totem</Setting>
				</Set>
				<Set Name="11">
					<Setting Name="__SourceName">Plateaus Energy Inverter</Setting>
				</Set>
				<Set Name="12">
					<Setting Name="__SourceName">Scepter of Shadows</Setting>
				</Set>
				<Set Name="13">
					<Setting Name="__SourceName">Shadowscream Essence of Clarity</Setting>
				</Set>
				<Set Name="14">
					<Setting Name="__SourceName">Shadowscream Scroll of Aptitude</Setting>
				</Set>
				<Set Name="15">
					<Setting Name="__SourceName">Shadowscream Scroll of Brawn</Setting>
				</Set>
				<Set Name="16">
					<Setting Name="__SourceName">Shadowscream Scroll of Grappling</Setting>
				</Set>
				<Set Name="17">
					<Setting Name="__SourceName">Shadowscream Scroll of Pugilism</Setting>
				</Set>
				<Set Name="18">
					<Setting Name="__SourceName">Shadowscream Scroll of Skirmishing</Setting>
				</Set>
				<Set Name="19">
					<Setting Name="__SourceName">Shard of the Mountain</Setting>
				</Set>
				<Set Name="20">
					<Setting Name="__SourceName">Unstable Void Crystal</Setting>
				</Set>
				<Set Name="21">
					<Setting Name="__SourceName">Wyrm Cursed Star Darkened Amulet</Setting>
				</Set>
				<Set Name="22">
					<Setting Name="__SourceName">_ADORN_Critical Thinking</Setting>
				</Set>
				<Set Name="23">
					<Setting Name="__SourceName">_ADORN_Growing Criticals</Setting>
				</Set>
				<Set Name="24">
					<Setting Name="__SourceName">_ADORN_Heart of Luclin</Setting>
				</Set>
				<Set Name="25">
					<Setting Name="__SourceName">_ADORN_Renewal Rune: Vampiric Requiem</Setting>
				</Set>
				<Set Name="26">
					<Setting Name="__SourceName">_EQUIPPED_Left Charm_21</Setting>
				</Set>
				<Set Name="27">
					<Setting Name="__SourceName">_EQUIPPED_Left Charm_21</Setting>
				</Set>
				<Set Name="28">
					<Setting Name="__SourceName">_EQUIPPED_Neck_14</Setting>
				</Set>
				<Set Name="29">
					<Setting Name="__SourceName">_EQUIPPED_Right Charm_22</Setting>
				</Set>
				<Set Name="30">
					<Setting Name="__SourceName">_EQUIPPED_Right Charm_22</Setting>
				</Set>
			</Set>
			<Set Name="ConsumeItems">
				<Set Name="1">
					<Setting Name="__IsItem">TRUE</Setting>
					<Setting Name="__ItemName">Shadowscream Scroll of Pugilism</Setting>
					<Setting Name="__SourceName">Item:Shadowscream Scroll of Pugilism</Setting>
					<Setting Name="IC">TRUE</Setting>
				</Set>
				<Set Name="2">
					<Setting Name="__IsItem">TRUE</Setting>
					<Setting Name="__ItemName">Shadowscream Scroll of Skirmishing</Setting>
					<Setting Name="__SourceName">Item:Shadowscream Scroll of Skirmishing</Setting>
					<Setting Name="IC">TRUE</Setting>
				</Set>
				<Set Name="3">
					<Setting Name="__IsItem">TRUE</Setting>
					<Setting Name="__ItemName">Shadowscream Scroll of Aptitude</Setting>
					<Setting Name="__SourceName">Item:Shadowscream Scroll of Aptitude</Setting>
					<Setting Name="IC">TRUE</Setting>
				</Set>
			</Set>
			<Set Name="Tags_AddNew">
				<Set Name="1">
					<Setting Name="__SourceName">FastCast</Setting>
				</Set>
				<Set Name="2">
					<Setting Name="__SourceName">PreCastTag</Setting>
				</Set>
				<Set Name="3">
					<Setting Name="__SourceName">Ascension</Setting>
				</Set>
				<Set Name="4">
					<Setting Name="__SourceName">ColKNow</Setting>
				</Set>
				<Set Name="5">
					<Setting Name="__SourceName">EpicSpell</Setting>
				</Set>
				<Set Name="6">
					<Setting Name="__SourceName">Invert</Setting>
				</Set>
				<Set Name="7">
					<Setting Name="__SourceName">HexWard</Setting>
				</Set>
			</Set>
			<Set Name="Tags">
				<Set Name="1">
					<Setting Name="+">1</Setting>
					<Setting Name="__SourceName">FastCast</Setting>
					<Setting Name="I">TRUE</Setting>
					<Setting Name="Me">TRUE</Setting>
				</Set>
				<Set Name="2">
					<Setting Name="__SourceName">PreCastTag</Setting>
					<Setting Name="I">TRUE</Setting>
					<Setting Name="Me">TRUE</Setting>
				</Set>
				<Set Name="3">
					<Setting Name="__SourceName">Ascension</Setting>
					<Setting Name="Dur">6</Setting>
					<Setting Name="I">TRUE</Setting>
					<Setting Name="Me">TRUE</Setting>
				</Set>
				<Set Name="4">
					<Setting Name="__SourceName">ColKNow</Setting>
					<Setting Name="I">TRUE</Setting>
					<Setting Name="Me">TRUE</Setting>
				</Set>
				<Set Name="5">
					<Setting Name="__SourceName">EpicSpell</Setting>
					<Setting Name="I">TRUE</Setting>
					<Setting Name="Me">TRUE</Setting>
				</Set>
				<Set Name="6">
					<Setting Name="__SourceName">Invert</Setting>
					<Setting Name="I">TRUE</Setting>
					<Setting Name="Me">TRUE</Setting>
				</Set>
				<Set Name="7">
					<Setting Name="__SourceName">HexWard</Setting>
					<Setting Name="Dur">5</Setting>
					<Setting Name="I">TRUE</Setting>
					<Setting Name="Me">TRUE</Setting>
				</Set>
			</Set>
			<Set Name="AbilityTracker">
				<Set Name="1">
					<Setting Name="__SourceName">Ancestral Support</Setting>
				</Set>
				<Set Name="2">
					<Setting Name="__SourceName">Spirit Tap</Setting>
				</Set>
			</Set>
			<Set Name="ProfileParts">
				<Set Name="1">
					<Setting Name="__SourceName">Ascension</Setting>
					<Setting Name="File">All_Profile.xml</Setting>
				</Set>
				<Set Name="2">
					<Setting Name="__SourceName">ItemRotation</Setting>
					<Setting Name="File">All_Profile.xml</Setting>
				</Set>
				<Set Name="3">
					<Setting Name="__SourceName">Overseer</Setting>
					<Setting Name="File">All_Profile.xml</Setting>
				</Set>
				<Set Name="4">
					<Setting Name="__SourceName">OverseerBuyMissions</Setting>
					<Setting Name="File">All_Profile.xml</Setting>
				</Set>
				<Set Name="5">
					<Setting Name="__SourceName">PackPony</Setting>
					<Setting Name="File">All_Profile.xml</Setting>
				</Set>
				<Set Name="6">
					<Setting Name="__SourceName">Setup</Setting>
					<Setting Name="File">NonTank_Profile.xml</Setting>
				</Set>
				<Set Name="7">
					<Setting Name="__SourceName">Settings</Setting>
					<Setting Name="File">NonTank_Profile.xml</Setting>
				</Set>
				<Set Name="8">
					<Setting Name="__SourceName">Loot</Setting>
					<Setting Name="File">NonTank_Profile.xml</Setting>
				</Set>
				<Set Name="9">
					<Setting Name="__SourceName">OSA</Setting>
					<Setting Name="File">NonTank_Profile.xml</Setting>
				</Set>
				<Set Name="10">
					<Setting Name="__SourceName">HUDs</Setting>
					<Setting Name="File">NonTank_Profile.xml</Setting>
				</Set>
				<Set Name="11">
					<Setting Name="__SourceName">Assist</Setting>
					<Setting Name="File">NonTank_Profile.xml</Setting>
				</Set>
				<Set Name="12">
					<Setting Name="__SourceName">Aliases</Setting>
					<Setting Name="File">All_Profile.xml</Setting>
				</Set>
			</Set>
			<Set Name="ProfilePartsSettings">
				<Setting Name="checkbox_profileparts_settings_enable">TRUE</Setting>
			</Set>
			<Set Name="HOExcludes">
				<Set Name="1">
					<Setting Name="__SourceName">Ancestral Savior</Setting>
				</Set>
			</Set>
			<Set Name="VampiricRequiem">
				<Set Name="1">
					<Setting Name="__SourceName">Ancestral Mettle</Setting>
				</Set>
				<Set Name="2">
					<Setting Name="__SourceName">Runic Armor</Setting>
				</Set>
				<Set Name="3">
					<Setting Name="__SourceName">Spirit of the Mammoth</Setting>
				</Set>
				<Set Name="4">
					<Setting Name="__SourceName">Ursine Avatar</Setting>
				</Set>
				<Set Name="5">
					<Setting Name="__SourceName">Ancestral Avatar</Setting>
				</Set>
			</Set>
			<Set Name="VampiricRequiemOptions">
				<Setting Name="checkbox_vampiricrequiem_enable">TRUE</Setting>
			</Set>
		</Set>
		<Setting Name="DefaultProfiles">BoZ_Mystic</Setting>
	</Set>
</InnerSpaceSettings>
